Country,day,Confirmed
Afghanistan,1.0,1.0
Afghanistan,2.0,1.0
Afghanistan,3.0,1.0
Afghanistan,4.0,1.0
Afghanistan,5.0,1.0
Afghanistan,6.0,1.0
Afghanistan,7.0,1.0
Afghanistan,8.0,1.0
Afghanistan,9.0,1.0
Afghanistan,10.0,1.0
Afghanistan,11.0,1.0
Afghanistan,12.0,1.0
Afghanistan,13.0,1.0
Afghanistan,14.0,4.0
Afghanistan,15.0,4.0
Afghanistan,16.0,5.0
Afghanistan,17.0,7.0
Afghanistan,18.0,7.0
Afghanistan,19.0,7.0
Afghanistan,20.0,11.0
Afghanistan,21.0,16.0
Afghanistan,22.0,21.0
Afghanistan,23.0,22.0
Afghanistan,24.0,22.0
Afghanistan,25.0,22.0
Afghanistan,26.0,24.0
Afghanistan,27.0,24.0
Afghanistan,28.0,40.0
Afghanistan,29.0,40.0
Afghanistan,30.0,74.0
Afghanistan,31.0,84.0
Afghanistan,32.0,94.0
Afghanistan,33.0,110.0
Afghanistan,34.0,110.0
Afghanistan,35.0,120.0
Afghanistan,36.0,170.0
Afghanistan,37.0,174.0
Albania,1.0,2.0
Albania,2.0,10.0
Albania,3.0,12.0
Albania,4.0,23.0
Albania,5.0,33.0
Albania,6.0,38.0
Albania,7.0,42.0
Albania,8.0,51.0
Albania,9.0,55.0
Albania,10.0,59.0
Albania,11.0,64.0
Albania,12.0,70.0
Albania,13.0,76.0
Albania,14.0,89.0
Albania,15.0,104.0
Albania,16.0,123.0
Albania,17.0,146.0
Albania,18.0,174.0
Albania,19.0,186.0
Albania,20.0,197.0
Albania,21.0,212.0
Albania,22.0,223.0
Albania,23.0,243.0
Algeria,1.0,1.0
Algeria,2.0,1.0
Algeria,3.0,1.0
Algeria,4.0,1.0
Algeria,5.0,1.0
Algeria,6.0,1.0
Algeria,7.0,3.0
Algeria,8.0,5.0
Algeria,9.0,12.0
Algeria,10.0,12.0
Algeria,11.0,17.0
Algeria,12.0,17.0
Algeria,13.0,19.0
Algeria,14.0,20.0
Algeria,15.0,20.0
Algeria,16.0,20.0
Algeria,17.0,24.0
Algeria,18.0,26.0
Algeria,19.0,37.0
Algeria,20.0,48.0
Algeria,21.0,54.0
Algeria,22.0,60.0
Algeria,23.0,74.0
Algeria,24.0,87.0
Algeria,25.0,90.0
Algeria,26.0,139.0
Algeria,27.0,201.0
Algeria,28.0,230.0
Algeria,29.0,264.0
Algeria,30.0,302.0
Algeria,31.0,367.0
Algeria,32.0,409.0
Algeria,33.0,454.0
Algeria,34.0,511.0
Algeria,35.0,584.0
Algeria,36.0,716.0
Andorra,1.0,1.0
Andorra,2.0,1.0
Andorra,3.0,1.0
Andorra,4.0,1.0
Andorra,5.0,1.0
Andorra,6.0,1.0
Andorra,7.0,1.0
Andorra,8.0,1.0
Andorra,9.0,1.0
Andorra,10.0,1.0
Andorra,11.0,1.0
Andorra,12.0,1.0
Andorra,13.0,1.0
Andorra,14.0,1.0
Andorra,15.0,2.0
Andorra,16.0,39.0
Andorra,17.0,39.0
Andorra,18.0,53.0
Andorra,19.0,75.0
Andorra,20.0,88.0
Andorra,21.0,113.0
Andorra,22.0,133.0
Andorra,23.0,164.0
Andorra,24.0,188.0
Andorra,25.0,224.0
Andorra,26.0,267.0
Andorra,27.0,308.0
Andorra,28.0,334.0
Andorra,29.0,370.0
Andorra,30.0,376.0
Angola,1.0,1.0
Angola,2.0,2.0
Angola,3.0,2.0
Angola,4.0,3.0
Angola,5.0,3.0
Angola,6.0,3.0
Angola,7.0,4.0
Angola,8.0,4.0
Angola,9.0,5.0
Angola,10.0,7.0
Angola,11.0,7.0
Angola,12.0,7.0
Antigua and Barbuda,1.0,1.0
Antigua and Barbuda,2.0,1.0
Antigua and Barbuda,3.0,1.0
Antigua and Barbuda,4.0,1.0
Antigua and Barbuda,5.0,1.0
Antigua and Barbuda,6.0,1.0
Antigua and Barbuda,7.0,1.0
Antigua and Barbuda,8.0,1.0
Antigua and Barbuda,9.0,1.0
Antigua and Barbuda,10.0,1.0
Antigua and Barbuda,11.0,3.0
Antigua and Barbuda,12.0,3.0
Antigua and Barbuda,13.0,3.0
Antigua and Barbuda,14.0,7.0
Antigua and Barbuda,15.0,7.0
Antigua and Barbuda,16.0,7.0
Antigua and Barbuda,17.0,7.0
Antigua and Barbuda,18.0,7.0
Antigua and Barbuda,19.0,7.0
Argentina,1.0,1.0
Argentina,2.0,1.0
Argentina,3.0,1.0
Argentina,4.0,2.0
Argentina,5.0,8.0
Argentina,6.0,12.0
Argentina,7.0,12.0
Argentina,8.0,17.0
Argentina,9.0,19.0
Argentina,10.0,19.0
Argentina,11.0,31.0
Argentina,12.0,34.0
Argentina,13.0,45.0
Argentina,14.0,56.0
Argentina,15.0,68.0
Argentina,16.0,79.0
Argentina,17.0,97.0
Argentina,18.0,128.0
Argentina,19.0,158.0
Argentina,20.0,266.0
Argentina,21.0,301.0
Argentina,22.0,387.0
Argentina,23.0,387.0
Argentina,24.0,502.0
Argentina,25.0,589.0
Argentina,26.0,690.0
Argentina,27.0,745.0
Argentina,28.0,820.0
Argentina,29.0,1054.0
Armenia,1.0,1.0
Armenia,2.0,1.0
Armenia,3.0,1.0
Armenia,4.0,1.0
Armenia,5.0,1.0
Armenia,6.0,1.0
Armenia,7.0,1.0
Armenia,8.0,1.0
Armenia,9.0,1.0
Armenia,10.0,1.0
Armenia,11.0,1.0
Armenia,12.0,4.0
Armenia,13.0,8.0
Armenia,14.0,18.0
Armenia,15.0,26.0
Armenia,16.0,52.0
Armenia,17.0,78.0
Armenia,18.0,84.0
Armenia,19.0,115.0
Armenia,20.0,136.0
Armenia,21.0,160.0
Armenia,22.0,194.0
Armenia,23.0,235.0
Armenia,24.0,249.0
Armenia,25.0,265.0
Armenia,26.0,290.0
Armenia,27.0,329.0
Armenia,28.0,407.0
Armenia,29.0,424.0
Armenia,30.0,482.0
Armenia,31.0,532.0
Australia,1.0,4.0
Australia,2.0,5.0
Australia,3.0,5.0
Australia,4.0,6.0
Australia,5.0,9.0
Australia,6.0,9.0
Australia,7.0,12.0
Australia,8.0,12.0
Australia,9.0,12.0
Australia,10.0,13.0
Australia,11.0,13.0
Australia,12.0,14.0
Australia,13.0,15.0
Australia,14.0,15.0
Australia,15.0,15.0
Australia,16.0,15.0
Australia,17.0,15.0
Australia,18.0,15.0
Australia,19.0,15.0
Australia,20.0,15.0
Australia,21.0,15.0
Australia,22.0,15.0
Australia,23.0,15.0
Australia,24.0,15.0
Australia,25.0,15.0
Australia,26.0,15.0
Australia,27.0,15.0
Australia,28.0,15.0
Australia,29.0,15.0
Australia,30.0,15.0
Australia,31.0,15.0
Australia,32.0,15.0
Australia,33.0,15.0
Australia,34.0,15.0
Australia,35.0,25.0
Australia,36.0,27.0
Australia,37.0,30.0
Australia,38.0,39.0
Australia,39.0,52.0
Australia,40.0,55.0
Australia,41.0,60.0
Australia,42.0,63.0
Australia,43.0,76.0
Australia,44.0,91.0
Australia,45.0,107.0
Australia,46.0,128.0
Australia,47.0,128.0
Australia,48.0,200.0
Australia,49.0,250.0
Australia,50.0,297.0
Australia,51.0,377.0
Australia,52.0,452.0
Australia,53.0,568.0
Australia,54.0,681.0
Australia,55.0,791.0
Australia,56.0,1071.0
Australia,57.0,1549.0
Australia,58.0,1682.0
Australia,59.0,2044.0
Australia,60.0,2364.0
Australia,61.0,2810.0
Australia,62.0,3143.0
Australia,63.0,3640.0
Australia,64.0,3984.0
Australia,65.0,4361.0
Australia,66.0,4559.0
Austria,1.0,2.0
Austria,2.0,2.0
Austria,3.0,3.0
Austria,4.0,3.0
Austria,5.0,9.0
Austria,6.0,14.0
Austria,7.0,18.0
Austria,8.0,21.0
Austria,9.0,29.0
Austria,10.0,41.0
Austria,11.0,55.0
Austria,12.0,79.0
Austria,13.0,104.0
Austria,14.0,131.0
Austria,15.0,182.0
Austria,16.0,246.0
Austria,17.0,302.0
Austria,18.0,504.0
Austria,19.0,655.0
Austria,20.0,860.0
Austria,21.0,1018.0
Austria,22.0,1332.0
Austria,23.0,1646.0
Austria,24.0,2013.0
Austria,25.0,2388.0
Austria,26.0,2814.0
Austria,27.0,3582.0
Austria,28.0,4474.0
Austria,29.0,5283.0
Austria,30.0,5588.0
Austria,31.0,6909.0
Austria,32.0,7657.0
Austria,33.0,8271.0
Austria,34.0,8788.0
Austria,35.0,9618.0
Austria,36.0,10180.0
Azerbaijan,1.0,3.0
Azerbaijan,2.0,3.0
Azerbaijan,3.0,3.0
Azerbaijan,4.0,3.0
Azerbaijan,5.0,6.0
Azerbaijan,6.0,6.0
Azerbaijan,7.0,9.0
Azerbaijan,8.0,9.0
Azerbaijan,9.0,9.0
Azerbaijan,10.0,11.0
Azerbaijan,11.0,11.0
Azerbaijan,12.0,11.0
Azerbaijan,13.0,15.0
Azerbaijan,14.0,15.0
Azerbaijan,15.0,23.0
Azerbaijan,16.0,28.0
Azerbaijan,17.0,28.0
Azerbaijan,18.0,28.0
Azerbaijan,19.0,44.0
Azerbaijan,20.0,44.0
Azerbaijan,21.0,53.0
Azerbaijan,22.0,65.0
Azerbaijan,23.0,72.0
Azerbaijan,24.0,87.0
Azerbaijan,25.0,93.0
Azerbaijan,26.0,122.0
Azerbaijan,27.0,165.0
Azerbaijan,28.0,182.0
Azerbaijan,29.0,209.0
Azerbaijan,30.0,273.0
Azerbaijan,31.0,298.0
Bahamas,1.0,1.0
Bahamas,2.0,1.0
Bahamas,3.0,1.0
Bahamas,4.0,3.0
Bahamas,5.0,3.0
Bahamas,6.0,4.0
Bahamas,7.0,4.0
Bahamas,8.0,4.0
Bahamas,9.0,5.0
Bahamas,10.0,5.0
Bahamas,11.0,9.0
Bahamas,12.0,10.0
Bahamas,13.0,10.0
Bahamas,14.0,11.0
Bahamas,15.0,14.0
Bahamas,16.0,14.0
Bahrain,1.0,1.0
Bahrain,2.0,23.0
Bahrain,3.0,33.0
Bahrain,4.0,33.0
Bahrain,5.0,36.0
Bahrain,6.0,41.0
Bahrain,7.0,47.0
Bahrain,8.0,49.0
Bahrain,9.0,49.0
Bahrain,10.0,52.0
Bahrain,11.0,55.0
Bahrain,12.0,60.0
Bahrain,13.0,85.0
Bahrain,14.0,85.0
Bahrain,15.0,95.0
Bahrain,16.0,110.0
Bahrain,17.0,195.0
Bahrain,18.0,195.0
Bahrain,19.0,195.0
Bahrain,20.0,210.0
Bahrain,21.0,214.0
Bahrain,22.0,214.0
Bahrain,23.0,228.0
Bahrain,24.0,256.0
Bahrain,25.0,278.0
Bahrain,26.0,285.0
Bahrain,27.0,305.0
Bahrain,28.0,334.0
Bahrain,29.0,377.0
Bahrain,30.0,392.0
Bahrain,31.0,419.0
Bahrain,32.0,458.0
Bahrain,33.0,466.0
Bahrain,34.0,476.0
Bahrain,35.0,499.0
Bahrain,36.0,515.0
Bahrain,37.0,567.0
Bangladesh,1.0,3.0
Bangladesh,2.0,3.0
Bangladesh,3.0,3.0
Bangladesh,4.0,3.0
Bangladesh,5.0,3.0
Bangladesh,6.0,3.0
Bangladesh,7.0,3.0
Bangladesh,8.0,5.0
Bangladesh,9.0,8.0
Bangladesh,10.0,10.0
Bangladesh,11.0,14.0
Bangladesh,12.0,17.0
Bangladesh,13.0,20.0
Bangladesh,14.0,25.0
Bangladesh,15.0,27.0
Bangladesh,16.0,33.0
Bangladesh,17.0,39.0
Bangladesh,18.0,39.0
Bangladesh,19.0,44.0
Bangladesh,20.0,48.0
Bangladesh,21.0,48.0
Bangladesh,22.0,48.0
Bangladesh,23.0,49.0
Bangladesh,24.0,51.0
Barbados,1.0,2.0
Barbados,2.0,2.0
Barbados,3.0,5.0
Barbados,4.0,5.0
Barbados,5.0,6.0
Barbados,6.0,14.0
Barbados,7.0,17.0
Barbados,8.0,18.0
Barbados,9.0,18.0
Barbados,10.0,18.0
Barbados,11.0,24.0
Barbados,12.0,26.0
Barbados,13.0,33.0
Barbados,14.0,33.0
Barbados,15.0,34.0
Belarus,1.0,1.0
Belarus,2.0,1.0
Belarus,3.0,1.0
Belarus,4.0,1.0
Belarus,5.0,1.0
Belarus,6.0,6.0
Belarus,7.0,6.0
Belarus,8.0,6.0
Belarus,9.0,6.0
Belarus,10.0,6.0
Belarus,11.0,6.0
Belarus,12.0,9.0
Belarus,13.0,9.0
Belarus,14.0,12.0
Belarus,15.0,27.0
Belarus,16.0,27.0
Belarus,17.0,27.0
Belarus,18.0,36.0
Belarus,19.0,36.0
Belarus,20.0,51.0
Belarus,21.0,51.0
Belarus,22.0,69.0
Belarus,23.0,76.0
Belarus,24.0,76.0
Belarus,25.0,81.0
Belarus,26.0,81.0
Belarus,27.0,86.0
Belarus,28.0,86.0
Belarus,29.0,94.0
Belarus,30.0,94.0
Belarus,31.0,94.0
Belarus,32.0,152.0
Belarus,33.0,152.0
Belgium,1.0,1.0
Belgium,2.0,1.0
Belgium,3.0,1.0
Belgium,4.0,1.0
Belgium,5.0,1.0
Belgium,6.0,1.0
Belgium,7.0,1.0
Belgium,8.0,1.0
Belgium,9.0,1.0
Belgium,10.0,1.0
Belgium,11.0,1.0
Belgium,12.0,1.0
Belgium,13.0,1.0
Belgium,14.0,1.0
Belgium,15.0,1.0
Belgium,16.0,1.0
Belgium,17.0,1.0
Belgium,18.0,1.0
Belgium,19.0,1.0
Belgium,20.0,1.0
Belgium,21.0,1.0
Belgium,22.0,1.0
Belgium,23.0,1.0
Belgium,24.0,1.0
Belgium,25.0,1.0
Belgium,26.0,1.0
Belgium,27.0,2.0
Belgium,28.0,8.0
Belgium,29.0,13.0
Belgium,30.0,23.0
Belgium,31.0,50.0
Belgium,32.0,109.0
Belgium,33.0,169.0
Belgium,34.0,200.0
Belgium,35.0,239.0
Belgium,36.0,267.0
Belgium,37.0,314.0
Belgium,38.0,314.0
Belgium,39.0,559.0
Belgium,40.0,689.0
Belgium,41.0,886.0
Belgium,42.0,1058.0
Belgium,43.0,1243.0
Belgium,44.0,1486.0
Belgium,45.0,1795.0
Belgium,46.0,2257.0
Belgium,47.0,2815.0
Belgium,48.0,3401.0
Belgium,49.0,3743.0
Belgium,50.0,4269.0
Belgium,51.0,4937.0
Belgium,52.0,6235.0
Belgium,53.0,7284.0
Belgium,54.0,9134.0
Belgium,55.0,10836.0
Belgium,56.0,11899.0
Belgium,57.0,12775.0
Belize,1.0,1.0
Belize,2.0,1.0
Belize,3.0,2.0
Belize,4.0,2.0
Belize,5.0,2.0
Belize,6.0,2.0
Belize,7.0,2.0
Belize,8.0,3.0
Belize,9.0,3.0
Benin,1.0,1.0
Benin,2.0,1.0
Benin,3.0,2.0
Benin,4.0,2.0
Benin,5.0,2.0
Benin,6.0,2.0
Benin,7.0,2.0
Benin,8.0,5.0
Benin,9.0,6.0
Benin,10.0,6.0
Benin,11.0,6.0
Benin,12.0,6.0
Benin,13.0,6.0
Benin,14.0,6.0
Benin,15.0,6.0
Benin,16.0,9.0
Bhutan,1.0,1.0
Bhutan,2.0,1.0
Bhutan,3.0,1.0
Bhutan,4.0,1.0
Bhutan,5.0,1.0
Bhutan,6.0,1.0
Bhutan,7.0,1.0
Bhutan,8.0,1.0
Bhutan,9.0,1.0
Bhutan,10.0,1.0
Bhutan,11.0,1.0
Bhutan,12.0,1.0
Bhutan,13.0,1.0
Bhutan,14.0,1.0
Bhutan,15.0,2.0
Bhutan,16.0,2.0
Bhutan,17.0,2.0
Bhutan,18.0,2.0
Bhutan,19.0,2.0
Bhutan,20.0,2.0
Bhutan,21.0,2.0
Bhutan,22.0,3.0
Bhutan,23.0,3.0
Bhutan,24.0,4.0
Bhutan,25.0,4.0
Bhutan,26.0,4.0
Bolivia,1.0,2.0
Bolivia,2.0,2.0
Bolivia,3.0,3.0
Bolivia,4.0,10.0
Bolivia,5.0,10.0
Bolivia,6.0,11.0
Bolivia,7.0,11.0
Bolivia,8.0,12.0
Bolivia,9.0,12.0
Bolivia,10.0,15.0
Bolivia,11.0,19.0
Bolivia,12.0,24.0
Bolivia,13.0,27.0
Bolivia,14.0,29.0
Bolivia,15.0,32.0
Bolivia,16.0,43.0
Bolivia,17.0,61.0
Bolivia,18.0,74.0
Bolivia,19.0,81.0
Bolivia,20.0,97.0
Bolivia,21.0,107.0
Bosnia and Herzegovina,1.0,2.0
Bosnia and Herzegovina,2.0,2.0
Bosnia and Herzegovina,3.0,3.0
Bosnia and Herzegovina,4.0,3.0
Bosnia and Herzegovina,5.0,3.0
Bosnia and Herzegovina,6.0,5.0
Bosnia and Herzegovina,7.0,7.0
Bosnia and Herzegovina,8.0,11.0
Bosnia and Herzegovina,9.0,13.0
Bosnia and Herzegovina,10.0,18.0
Bosnia and Herzegovina,11.0,24.0
Bosnia and Herzegovina,12.0,25.0
Bosnia and Herzegovina,13.0,26.0
Bosnia and Herzegovina,14.0,38.0
Bosnia and Herzegovina,15.0,63.0
Bosnia and Herzegovina,16.0,89.0
Bosnia and Herzegovina,17.0,93.0
Bosnia and Herzegovina,18.0,126.0
Bosnia and Herzegovina,19.0,136.0
Bosnia and Herzegovina,20.0,166.0
Bosnia and Herzegovina,21.0,176.0
Bosnia and Herzegovina,22.0,191.0
Bosnia and Herzegovina,23.0,237.0
Bosnia and Herzegovina,24.0,258.0
Bosnia and Herzegovina,25.0,323.0
Bosnia and Herzegovina,26.0,368.0
Bosnia and Herzegovina,27.0,420.0
Botswana,1.0,3.0
Botswana,2.0,4.0
Brazil,1.0,1.0
Brazil,2.0,1.0
Brazil,3.0,1.0
Brazil,4.0,2.0
Brazil,5.0,2.0
Brazil,6.0,2.0
Brazil,7.0,2.0
Brazil,8.0,4.0
Brazil,9.0,4.0
Brazil,10.0,13.0
Brazil,11.0,13.0
Brazil,12.0,20.0
Brazil,13.0,25.0
Brazil,14.0,31.0
Brazil,15.0,38.0
Brazil,16.0,52.0
Brazil,17.0,151.0
Brazil,18.0,151.0
Brazil,19.0,162.0
Brazil,20.0,200.0
Brazil,21.0,321.0
Brazil,22.0,372.0
Brazil,23.0,621.0
Brazil,24.0,793.0
Brazil,25.0,1021.0
Brazil,26.0,1546.0
Brazil,27.0,1924.0
Brazil,28.0,2247.0
Brazil,29.0,2554.0
Brazil,30.0,2985.0
Brazil,31.0,3417.0
Brazil,32.0,3904.0
Brazil,33.0,4256.0
Brazil,34.0,4579.0
Brazil,35.0,5717.0
Brunei,1.0,1.0
Brunei,2.0,1.0
Brunei,3.0,11.0
Brunei,4.0,11.0
Brunei,5.0,37.0
Brunei,6.0,40.0
Brunei,7.0,50.0
Brunei,8.0,54.0
Brunei,9.0,56.0
Brunei,10.0,68.0
Brunei,11.0,75.0
Brunei,12.0,78.0
Brunei,13.0,83.0
Brunei,14.0,88.0
Brunei,15.0,91.0
Brunei,16.0,104.0
Brunei,17.0,109.0
Brunei,18.0,114.0
Brunei,19.0,115.0
Brunei,20.0,120.0
Brunei,21.0,126.0
Brunei,22.0,127.0
Brunei,23.0,129.0
Bulgaria,1.0,4.0
Bulgaria,2.0,4.0
Bulgaria,3.0,4.0
Bulgaria,4.0,7.0
Bulgaria,5.0,7.0
Bulgaria,6.0,23.0
Bulgaria,7.0,41.0
Bulgaria,8.0,51.0
Bulgaria,9.0,52.0
Bulgaria,10.0,67.0
Bulgaria,11.0,92.0
Bulgaria,12.0,94.0
Bulgaria,13.0,127.0
Bulgaria,14.0,163.0
Bulgaria,15.0,187.0
Bulgaria,16.0,201.0
Bulgaria,17.0,218.0
Bulgaria,18.0,242.0
Bulgaria,19.0,264.0
Bulgaria,20.0,293.0
Bulgaria,21.0,331.0
Bulgaria,22.0,346.0
Bulgaria,23.0,359.0
Bulgaria,24.0,399.0
Burkina Faso,1.0,1.0
Burkina Faso,2.0,2.0
Burkina Faso,3.0,2.0
Burkina Faso,4.0,2.0
Burkina Faso,5.0,2.0
Burkina Faso,6.0,3.0
Burkina Faso,7.0,15.0
Burkina Faso,8.0,15.0
Burkina Faso,9.0,20.0
Burkina Faso,10.0,33.0
Burkina Faso,11.0,40.0
Burkina Faso,12.0,64.0
Burkina Faso,13.0,75.0
Burkina Faso,14.0,99.0
Burkina Faso,15.0,114.0
Burkina Faso,16.0,146.0
Burkina Faso,17.0,152.0
Burkina Faso,18.0,180.0
Burkina Faso,19.0,207.0
Burkina Faso,20.0,222.0
Burkina Faso,21.0,246.0
Burkina Faso,22.0,261.0
Burma,1.0,8.0
Burma,2.0,8.0
Burma,3.0,10.0
Burma,4.0,14.0
Burma,5.0,15.0
Burundi,1.0,2.0
Cabo Verde,1.0,1.0
Cabo Verde,2.0,3.0
Cabo Verde,3.0,3.0
Cabo Verde,4.0,3.0
Cabo Verde,5.0,3.0
Cabo Verde,6.0,4.0
Cabo Verde,7.0,4.0
Cabo Verde,8.0,5.0
Cabo Verde,9.0,5.0
Cabo Verde,10.0,6.0
Cabo Verde,11.0,6.0
Cabo Verde,12.0,6.0
Cambodia,1.0,1.0
Cambodia,2.0,1.0
Cambodia,3.0,1.0
Cambodia,4.0,1.0
Cambodia,5.0,1.0
Cambodia,6.0,1.0
Cambodia,7.0,1.0
Cambodia,8.0,1.0
Cambodia,9.0,1.0
Cambodia,10.0,1.0
Cambodia,11.0,1.0
Cambodia,12.0,1.0
Cambodia,13.0,1.0
Cambodia,14.0,1.0
Cambodia,15.0,1.0
Cambodia,16.0,1.0
Cambodia,17.0,1.0
Cambodia,18.0,1.0
Cambodia,19.0,1.0
Cambodia,20.0,1.0
Cambodia,21.0,1.0
Cambodia,22.0,1.0
Cambodia,23.0,1.0
Cambodia,24.0,1.0
Cambodia,25.0,1.0
Cambodia,26.0,1.0
Cambodia,27.0,1.0
Cambodia,28.0,1.0
Cambodia,29.0,1.0
Cambodia,30.0,1.0
Cambodia,31.0,1.0
Cambodia,32.0,1.0
Cambodia,33.0,1.0
Cambodia,34.0,1.0
Cambodia,35.0,1.0
Cambodia,36.0,1.0
Cambodia,37.0,1.0
Cambodia,38.0,1.0
Cambodia,39.0,1.0
Cambodia,40.0,1.0
Cambodia,41.0,1.0
Cambodia,42.0,2.0
Cambodia,43.0,2.0
Cambodia,44.0,2.0
Cambodia,45.0,3.0
Cambodia,46.0,3.0
Cambodia,47.0,5.0
Cambodia,48.0,7.0
Cambodia,49.0,7.0
Cambodia,50.0,7.0
Cambodia,51.0,33.0
Cambodia,52.0,35.0
Cambodia,53.0,37.0
Cambodia,54.0,51.0
Cambodia,55.0,53.0
Cambodia,56.0,84.0
Cambodia,57.0,87.0
Cambodia,58.0,91.0
Cambodia,59.0,96.0
Cambodia,60.0,96.0
Cambodia,61.0,99.0
Cambodia,62.0,99.0
Cambodia,63.0,103.0
Cambodia,64.0,107.0
Cambodia,65.0,109.0
Cameroon,1.0,1.0
Cameroon,2.0,1.0
Cameroon,3.0,2.0
Cameroon,4.0,2.0
Cameroon,5.0,2.0
Cameroon,6.0,2.0
Cameroon,7.0,2.0
Cameroon,8.0,2.0
Cameroon,9.0,2.0
Cameroon,10.0,2.0
Cameroon,11.0,4.0
Cameroon,12.0,10.0
Cameroon,13.0,10.0
Cameroon,14.0,13.0
Cameroon,15.0,20.0
Cameroon,16.0,27.0
Cameroon,17.0,40.0
Cameroon,18.0,56.0
Cameroon,19.0,66.0
Cameroon,20.0,75.0
Cameroon,21.0,75.0
Cameroon,22.0,91.0
Cameroon,23.0,91.0
Cameroon,24.0,139.0
Cameroon,25.0,139.0
Cameroon,26.0,193.0
Canada,1.0,1.0
Canada,2.0,1.0
Canada,3.0,2.0
Canada,4.0,2.0
Canada,5.0,2.0
Canada,6.0,4.0
Canada,7.0,4.0
Canada,8.0,4.0
Canada,9.0,4.0
Canada,10.0,4.0
Canada,11.0,5.0
Canada,12.0,5.0
Canada,13.0,7.0
Canada,14.0,7.0
Canada,15.0,7.0
Canada,16.0,7.0
Canada,17.0,7.0
Canada,18.0,7.0
Canada,19.0,7.0
Canada,20.0,7.0
Canada,21.0,7.0
Canada,22.0,7.0
Canada,23.0,8.0
Canada,24.0,8.0
Canada,25.0,8.0
Canada,26.0,8.0
Canada,27.0,9.0
Canada,28.0,9.0
Canada,29.0,9.0
Canada,30.0,10.0
Canada,31.0,11.0
Canada,32.0,11.0
Canada,33.0,13.0
Canada,34.0,14.0
Canada,35.0,20.0
Canada,36.0,24.0
Canada,37.0,27.0
Canada,38.0,30.0
Canada,39.0,33.0
Canada,40.0,37.0
Canada,41.0,49.0
Canada,42.0,54.0
Canada,43.0,64.0
Canada,44.0,77.0
Canada,45.0,79.0
Canada,46.0,108.0
Canada,47.0,117.0
Canada,48.0,193.0
Canada,49.0,198.0
Canada,50.0,252.0
Canada,51.0,415.0
Canada,52.0,478.0
Canada,53.0,657.0
Canada,54.0,800.0
Canada,55.0,943.0
Canada,56.0,1277.0
Canada,57.0,1469.0
Canada,58.0,2088.0
Canada,59.0,2790.0
Canada,60.0,3251.0
Canada,61.0,4042.0
Canada,62.0,4682.0
Canada,63.0,5576.0
Canada,64.0,6280.0
Canada,65.0,7398.0
Canada,66.0,8527.0
Central African Republic,1.0,1.0
Central African Republic,2.0,1.0
Central African Republic,3.0,1.0
Central African Republic,4.0,1.0
Central African Republic,5.0,1.0
Central African Republic,6.0,3.0
Central African Republic,7.0,3.0
Central African Republic,8.0,3.0
Central African Republic,9.0,3.0
Central African Republic,10.0,3.0
Central African Republic,11.0,3.0
Central African Republic,12.0,3.0
Central African Republic,13.0,3.0
Central African Republic,14.0,3.0
Central African Republic,15.0,3.0
Central African Republic,16.0,3.0
Central African Republic,17.0,3.0
Chad,1.0,1.0
Chad,2.0,1.0
Chad,3.0,1.0
Chad,4.0,1.0
Chad,5.0,1.0
Chad,6.0,3.0
Chad,7.0,3.0
Chad,8.0,3.0
Chad,9.0,3.0
Chad,10.0,3.0
Chad,11.0,3.0
Chad,12.0,5.0
Chad,13.0,7.0
Chile,1.0,1.0
Chile,2.0,1.0
Chile,3.0,4.0
Chile,4.0,4.0
Chile,5.0,4.0
Chile,6.0,8.0
Chile,7.0,8.0
Chile,8.0,13.0
Chile,9.0,23.0
Chile,10.0,23.0
Chile,11.0,43.0
Chile,12.0,61.0
Chile,13.0,74.0
Chile,14.0,155.0
Chile,15.0,201.0
Chile,16.0,238.0
Chile,17.0,238.0
Chile,18.0,434.0
Chile,19.0,537.0
Chile,20.0,632.0
Chile,21.0,746.0
Chile,22.0,922.0
Chile,23.0,1142.0
Chile,24.0,1306.0
Chile,25.0,1610.0
Chile,26.0,1909.0
Chile,27.0,2139.0
Chile,28.0,2449.0
Chile,29.0,2738.0
China,1.0,548.0
China,2.0,643.0
China,3.0,920.0
China,4.0,1406.0
China,5.0,2075.0
China,6.0,2877.0
China,7.0,5509.0
China,8.0,6087.0
China,9.0,8141.0
China,10.0,9802.0
China,11.0,11891.0
China,12.0,16630.0
China,13.0,19716.0
China,14.0,23707.0
China,15.0,27440.0
China,16.0,30587.0
China,17.0,34110.0
China,18.0,36814.0
China,19.0,39829.0
China,20.0,42354.0
China,21.0,44386.0
China,22.0,44759.0
China,23.0,59895.0
China,24.0,66358.0
China,25.0,68413.0
China,26.0,70513.0
China,27.0,72434.0
China,28.0,74211.0
China,29.0,74619.0
China,30.0,75077.0
China,31.0,75550.0
China,32.0,77001.0
China,33.0,77022.0
China,34.0,77241.0
China,35.0,77754.0
China,36.0,78166.0
China,37.0,78600.0
China,38.0,78928.0
China,39.0,79356.0
China,40.0,79932.0
China,41.0,80136.0
China,42.0,80261.0
China,43.0,80386.0
China,44.0,80537.0
China,45.0,80690.0
China,46.0,80770.0
China,47.0,80823.0
China,48.0,80860.0
China,49.0,80887.0
China,50.0,80921.0
China,51.0,80932.0
China,52.0,80945.0
China,53.0,80977.0
China,54.0,81003.0
China,55.0,81033.0
China,56.0,81058.0
China,57.0,81102.0
China,58.0,81156.0
China,59.0,81250.0
China,60.0,81305.0
China,61.0,81435.0
China,62.0,81498.0
China,63.0,81591.0
China,64.0,81661.0
China,65.0,81782.0
China,66.0,81897.0
China,67.0,81999.0
China,68.0,82122.0
China,69.0,82198.0
China,70.0,82279.0
Colombia,1.0,1.0
Colombia,2.0,1.0
Colombia,3.0,1.0
Colombia,4.0,1.0
Colombia,5.0,3.0
Colombia,6.0,9.0
Colombia,7.0,9.0
Colombia,8.0,13.0
Colombia,9.0,22.0
Colombia,10.0,34.0
Colombia,11.0,54.0
Colombia,12.0,65.0
Colombia,13.0,93.0
Colombia,14.0,102.0
Colombia,15.0,128.0
Colombia,16.0,196.0
Colombia,17.0,231.0
Colombia,18.0,277.0
Colombia,19.0,378.0
Colombia,20.0,470.0
Colombia,21.0,491.0
Colombia,22.0,539.0
Colombia,23.0,608.0
Colombia,24.0,702.0
Colombia,25.0,798.0
Colombia,26.0,906.0
Congo (Brazzaville),1.0,1.0
Congo (Brazzaville),2.0,1.0
Congo (Brazzaville),3.0,1.0
Congo (Brazzaville),4.0,1.0
Congo (Brazzaville),5.0,3.0
Congo (Brazzaville),6.0,3.0
Congo (Brazzaville),7.0,3.0
Congo (Brazzaville),8.0,3.0
Congo (Brazzaville),9.0,4.0
Congo (Brazzaville),10.0,4.0
Congo (Brazzaville),11.0,4.0
Congo (Brazzaville),12.0,4.0
Congo (Brazzaville),13.0,4.0
Congo (Brazzaville),14.0,4.0
Congo (Brazzaville),15.0,19.0
Congo (Brazzaville),16.0,19.0
Congo (Brazzaville),17.0,19.0
Congo (Kinshasa),1.0,1.0
Congo (Kinshasa),2.0,1.0
Congo (Kinshasa),3.0,2.0
Congo (Kinshasa),4.0,2.0
Congo (Kinshasa),5.0,2.0
Congo (Kinshasa),6.0,2.0
Congo (Kinshasa),7.0,3.0
Congo (Kinshasa),8.0,4.0
Congo (Kinshasa),9.0,14.0
Congo (Kinshasa),10.0,18.0
Congo (Kinshasa),11.0,23.0
Congo (Kinshasa),12.0,30.0
Congo (Kinshasa),13.0,36.0
Congo (Kinshasa),14.0,45.0
Congo (Kinshasa),15.0,48.0
Congo (Kinshasa),16.0,51.0
Congo (Kinshasa),17.0,51.0
Congo (Kinshasa),18.0,65.0
Congo (Kinshasa),19.0,65.0
Congo (Kinshasa),20.0,81.0
Congo (Kinshasa),21.0,98.0
Costa Rica,1.0,1.0
Costa Rica,2.0,1.0
Costa Rica,3.0,5.0
Costa Rica,4.0,9.0
Costa Rica,5.0,9.0
Costa Rica,6.0,13.0
Costa Rica,7.0,22.0
Costa Rica,8.0,23.0
Costa Rica,9.0,26.0
Costa Rica,10.0,27.0
Costa Rica,11.0,35.0
Costa Rica,12.0,41.0
Costa Rica,13.0,50.0
Costa Rica,14.0,69.0
Costa Rica,15.0,89.0
Costa Rica,16.0,117.0
Costa Rica,17.0,134.0
Costa Rica,18.0,158.0
Costa Rica,19.0,177.0
Costa Rica,20.0,201.0
Costa Rica,21.0,231.0
Costa Rica,22.0,263.0
Costa Rica,23.0,295.0
Costa Rica,24.0,314.0
Costa Rica,25.0,330.0
Costa Rica,26.0,347.0
Cote d'Ivoire,1.0,1.0
Cote d'Ivoire,2.0,1.0
Cote d'Ivoire,3.0,1.0
Cote d'Ivoire,4.0,1.0
Cote d'Ivoire,5.0,1.0
Cote d'Ivoire,6.0,1.0
Cote d'Ivoire,7.0,5.0
Cote d'Ivoire,8.0,6.0
Cote d'Ivoire,9.0,9.0
Cote d'Ivoire,10.0,9.0
Cote d'Ivoire,11.0,14.0
Cote d'Ivoire,12.0,14.0
Cote d'Ivoire,13.0,25.0
Cote d'Ivoire,14.0,73.0
Cote d'Ivoire,15.0,80.0
Cote d'Ivoire,16.0,96.0
Cote d'Ivoire,17.0,101.0
Cote d'Ivoire,18.0,101.0
Cote d'Ivoire,19.0,165.0
Cote d'Ivoire,20.0,168.0
Cote d'Ivoire,21.0,179.0
Croatia,1.0,1.0
Croatia,2.0,3.0
Croatia,3.0,3.0
Croatia,4.0,5.0
Croatia,5.0,6.0
Croatia,6.0,7.0
Croatia,7.0,7.0
Croatia,8.0,9.0
Croatia,9.0,10.0
Croatia,10.0,10.0
Croatia,11.0,11.0
Croatia,12.0,12.0
Croatia,13.0,12.0
Croatia,14.0,12.0
Croatia,15.0,14.0
Croatia,16.0,19.0
Croatia,17.0,19.0
Croatia,18.0,32.0
Croatia,19.0,38.0
Croatia,20.0,49.0
Croatia,21.0,57.0
Croatia,22.0,65.0
Croatia,23.0,81.0
Croatia,24.0,105.0
Croatia,25.0,128.0
Croatia,26.0,206.0
Croatia,27.0,254.0
Croatia,28.0,315.0
Croatia,29.0,382.0
Croatia,30.0,442.0
Croatia,31.0,495.0
Croatia,32.0,586.0
Croatia,33.0,657.0
Croatia,34.0,713.0
Croatia,35.0,790.0
Croatia,36.0,867.0
Cuba,1.0,3.0
Cuba,2.0,4.0
Cuba,3.0,4.0
Cuba,4.0,4.0
Cuba,5.0,4.0
Cuba,6.0,5.0
Cuba,7.0,7.0
Cuba,8.0,11.0
Cuba,9.0,16.0
Cuba,10.0,21.0
Cuba,11.0,35.0
Cuba,12.0,40.0
Cuba,13.0,48.0
Cuba,14.0,57.0
Cuba,15.0,67.0
Cuba,16.0,80.0
Cuba,17.0,119.0
Cuba,18.0,139.0
Cuba,19.0,170.0
Cuba,20.0,186.0
Cyprus,1.0,2.0
Cyprus,2.0,3.0
Cyprus,3.0,6.0
Cyprus,4.0,6.0
Cyprus,5.0,14.0
Cyprus,6.0,26.0
Cyprus,7.0,26.0
Cyprus,8.0,33.0
Cyprus,9.0,46.0
Cyprus,10.0,49.0
Cyprus,11.0,67.0
Cyprus,12.0,67.0
Cyprus,13.0,84.0
Cyprus,14.0,95.0
Cyprus,15.0,116.0
Cyprus,16.0,124.0
Cyprus,17.0,132.0
Cyprus,18.0,146.0
Cyprus,19.0,162.0
Cyprus,20.0,179.0
Cyprus,21.0,214.0
Cyprus,22.0,230.0
Cyprus,23.0,262.0
Czechia,1.0,3.0
Czechia,2.0,3.0
Czechia,3.0,5.0
Czechia,4.0,8.0
Czechia,5.0,12.0
Czechia,6.0,18.0
Czechia,7.0,19.0
Czechia,8.0,31.0
Czechia,9.0,31.0
Czechia,10.0,41.0
Czechia,11.0,91.0
Czechia,12.0,94.0
Czechia,13.0,141.0
Czechia,14.0,189.0
Czechia,15.0,253.0
Czechia,16.0,298.0
Czechia,17.0,396.0
Czechia,18.0,464.0
Czechia,19.0,694.0
Czechia,20.0,833.0
Czechia,21.0,995.0
Czechia,22.0,1120.0
Czechia,23.0,1236.0
Czechia,24.0,1394.0
Czechia,25.0,1654.0
Czechia,26.0,1925.0
Czechia,27.0,2279.0
Czechia,28.0,2631.0
Czechia,29.0,2817.0
Czechia,30.0,3001.0
Czechia,31.0,3308.0
Denmark,1.0,1.0
Denmark,2.0,1.0
Denmark,3.0,3.0
Denmark,4.0,4.0
Denmark,5.0,4.0
Denmark,6.0,6.0
Denmark,7.0,11.0
Denmark,8.0,11.0
Denmark,9.0,24.0
Denmark,10.0,24.0
Denmark,11.0,37.0
Denmark,12.0,92.0
Denmark,13.0,264.0
Denmark,14.0,444.0
Denmark,15.0,617.0
Denmark,16.0,804.0
Denmark,17.0,836.0
Denmark,18.0,875.0
Denmark,19.0,933.0
Denmark,20.0,1025.0
Denmark,21.0,1116.0
Denmark,22.0,1225.0
Denmark,23.0,1337.0
Denmark,24.0,1420.0
Denmark,25.0,1514.0
Denmark,26.0,1572.0
Denmark,27.0,1718.0
Denmark,28.0,1862.0
Denmark,29.0,2023.0
Denmark,30.0,2200.0
Denmark,31.0,2366.0
Denmark,32.0,2564.0
Denmark,33.0,2755.0
Denmark,34.0,3039.0
Diamond Princess,1.0,61.0
Diamond Princess,2.0,61.0
Diamond Princess,3.0,64.0
Diamond Princess,4.0,135.0
Diamond Princess,5.0,135.0
Diamond Princess,6.0,175.0
Diamond Princess,7.0,175.0
Diamond Princess,8.0,218.0
Diamond Princess,9.0,285.0
Diamond Princess,10.0,355.0
Diamond Princess,11.0,454.0
Diamond Princess,12.0,542.0
Diamond Princess,13.0,621.0
Diamond Princess,14.0,634.0
Diamond Princess,15.0,634.0
Diamond Princess,16.0,634.0
Diamond Princess,17.0,691.0
Diamond Princess,18.0,691.0
Diamond Princess,19.0,691.0
Diamond Princess,20.0,705.0
Diamond Princess,21.0,705.0
Diamond Princess,22.0,705.0
Diamond Princess,23.0,705.0
Diamond Princess,24.0,705.0
Diamond Princess,25.0,705.0
Diamond Princess,26.0,706.0
Diamond Princess,27.0,706.0
Diamond Princess,28.0,706.0
Diamond Princess,29.0,706.0
Diamond Princess,30.0,706.0
Diamond Princess,31.0,706.0
Diamond Princess,32.0,706.0
Diamond Princess,33.0,706.0
Diamond Princess,34.0,706.0
Diamond Princess,35.0,706.0
Diamond Princess,36.0,706.0
Diamond Princess,37.0,706.0
Diamond Princess,38.0,706.0
Diamond Princess,39.0,706.0
Diamond Princess,40.0,706.0
Diamond Princess,41.0,712.0
Diamond Princess,42.0,712.0
Diamond Princess,43.0,712.0
Diamond Princess,44.0,712.0
Diamond Princess,45.0,712.0
Diamond Princess,46.0,712.0
Diamond Princess,47.0,712.0
Diamond Princess,48.0,712.0
Diamond Princess,49.0,712.0
Diamond Princess,50.0,712.0
Diamond Princess,51.0,712.0
Diamond Princess,52.0,712.0
Diamond Princess,53.0,712.0
Diamond Princess,54.0,712.0
Djibouti,1.0,1.0
Djibouti,2.0,1.0
Djibouti,3.0,1.0
Djibouti,4.0,1.0
Djibouti,5.0,1.0
Djibouti,6.0,3.0
Djibouti,7.0,3.0
Djibouti,8.0,11.0
Djibouti,9.0,11.0
Djibouti,10.0,12.0
Djibouti,11.0,14.0
Djibouti,12.0,18.0
Djibouti,13.0,18.0
Djibouti,14.0,30.0
Dominica,1.0,1.0
Dominica,2.0,2.0
Dominica,3.0,2.0
Dominica,4.0,7.0
Dominica,5.0,11.0
Dominica,6.0,11.0
Dominica,7.0,11.0
Dominica,8.0,11.0
Dominica,9.0,11.0
Dominica,10.0,12.0
Dominican Republic,1.0,1.0
Dominican Republic,2.0,1.0
Dominican Republic,3.0,1.0
Dominican Republic,4.0,1.0
Dominican Republic,5.0,1.0
Dominican Republic,6.0,2.0
Dominican Republic,7.0,2.0
Dominican Republic,8.0,5.0
Dominican Republic,9.0,5.0
Dominican Republic,10.0,5.0
Dominican Republic,11.0,5.0
Dominican Republic,12.0,5.0
Dominican Republic,13.0,5.0
Dominican Republic,14.0,11.0
Dominican Republic,15.0,11.0
Dominican Republic,16.0,11.0
Dominican Republic,17.0,21.0
Dominican Republic,18.0,21.0
Dominican Republic,19.0,34.0
Dominican Republic,20.0,72.0
Dominican Republic,21.0,112.0
Dominican Republic,22.0,202.0
Dominican Republic,23.0,245.0
Dominican Republic,24.0,312.0
Dominican Republic,25.0,392.0
Dominican Republic,26.0,488.0
Dominican Republic,27.0,581.0
Dominican Republic,28.0,719.0
Dominican Republic,29.0,859.0
Dominican Republic,30.0,901.0
Dominican Republic,31.0,1109.0
Ecuador,1.0,6.0
Ecuador,2.0,6.0
Ecuador,3.0,7.0
Ecuador,4.0,10.0
Ecuador,5.0,13.0
Ecuador,6.0,13.0
Ecuador,7.0,13.0
Ecuador,8.0,14.0
Ecuador,9.0,15.0
Ecuador,10.0,15.0
Ecuador,11.0,17.0
Ecuador,12.0,17.0
Ecuador,13.0,17.0
Ecuador,14.0,28.0
Ecuador,15.0,28.0
Ecuador,16.0,37.0
Ecuador,17.0,58.0
Ecuador,18.0,111.0
Ecuador,19.0,199.0
Ecuador,20.0,367.0
Ecuador,21.0,506.0
Ecuador,22.0,789.0
Ecuador,23.0,981.0
Ecuador,24.0,1082.0
Ecuador,25.0,1173.0
Ecuador,26.0,1403.0
Ecuador,27.0,1595.0
Ecuador,28.0,1823.0
Ecuador,29.0,1924.0
Ecuador,30.0,1962.0
Ecuador,31.0,2240.0
Egypt,1.0,1.0
Egypt,2.0,1.0
Egypt,3.0,1.0
Egypt,4.0,1.0
Egypt,5.0,1.0
Egypt,6.0,1.0
Egypt,7.0,1.0
Egypt,8.0,1.0
Egypt,9.0,1.0
Egypt,10.0,1.0
Egypt,11.0,1.0
Egypt,12.0,1.0
Egypt,13.0,1.0
Egypt,14.0,1.0
Egypt,15.0,1.0
Egypt,16.0,1.0
Egypt,17.0,2.0
Egypt,18.0,2.0
Egypt,19.0,2.0
Egypt,20.0,2.0
Egypt,21.0,3.0
Egypt,22.0,15.0
Egypt,23.0,15.0
Egypt,24.0,49.0
Egypt,25.0,55.0
Egypt,26.0,59.0
Egypt,27.0,60.0
Egypt,28.0,67.0
Egypt,29.0,80.0
Egypt,30.0,109.0
Egypt,31.0,110.0
Egypt,32.0,150.0
Egypt,33.0,196.0
Egypt,34.0,196.0
Egypt,35.0,256.0
Egypt,36.0,285.0
Egypt,37.0,294.0
Egypt,38.0,327.0
Egypt,39.0,366.0
Egypt,40.0,402.0
Egypt,41.0,456.0
Egypt,42.0,495.0
Egypt,43.0,536.0
Egypt,44.0,576.0
Egypt,45.0,609.0
Egypt,46.0,656.0
Egypt,47.0,710.0
El Salvador,1.0,1.0
El Salvador,2.0,1.0
El Salvador,3.0,3.0
El Salvador,4.0,3.0
El Salvador,5.0,3.0
El Salvador,6.0,5.0
El Salvador,7.0,9.0
El Salvador,8.0,13.0
El Salvador,9.0,13.0
El Salvador,10.0,19.0
El Salvador,11.0,24.0
El Salvador,12.0,30.0
El Salvador,13.0,32.0
Equatorial Guinea,1.0,1.0
Equatorial Guinea,2.0,1.0
Equatorial Guinea,3.0,1.0
Equatorial Guinea,4.0,4.0
Equatorial Guinea,5.0,6.0
Equatorial Guinea,6.0,6.0
Equatorial Guinea,7.0,6.0
Equatorial Guinea,8.0,6.0
Equatorial Guinea,9.0,9.0
Equatorial Guinea,10.0,9.0
Equatorial Guinea,11.0,9.0
Equatorial Guinea,12.0,12.0
Equatorial Guinea,13.0,12.0
Equatorial Guinea,14.0,12.0
Equatorial Guinea,15.0,12.0
Equatorial Guinea,16.0,12.0
Equatorial Guinea,17.0,12.0
Eritrea,1.0,1.0
Eritrea,2.0,1.0
Eritrea,3.0,1.0
Eritrea,4.0,1.0
Eritrea,5.0,4.0
Eritrea,6.0,6.0
Eritrea,7.0,6.0
Eritrea,8.0,6.0
Eritrea,9.0,12.0
Eritrea,10.0,12.0
Eritrea,11.0,15.0
Estonia,1.0,1.0
Estonia,2.0,1.0
Estonia,3.0,1.0
Estonia,4.0,1.0
Estonia,5.0,1.0
Estonia,6.0,2.0
Estonia,7.0,2.0
Estonia,8.0,3.0
Estonia,9.0,10.0
Estonia,10.0,10.0
Estonia,11.0,10.0
Estonia,12.0,10.0
Estonia,13.0,12.0
Estonia,14.0,16.0
Estonia,15.0,16.0
Estonia,16.0,79.0
Estonia,17.0,115.0
Estonia,18.0,171.0
Estonia,19.0,205.0
Estonia,20.0,225.0
Estonia,21.0,258.0
Estonia,22.0,267.0
Estonia,23.0,283.0
Estonia,24.0,306.0
Estonia,25.0,326.0
Estonia,26.0,352.0
Estonia,27.0,369.0
Estonia,28.0,404.0
Estonia,29.0,538.0
Estonia,30.0,575.0
Estonia,31.0,645.0
Estonia,32.0,679.0
Estonia,33.0,715.0
Estonia,34.0,745.0
Eswatini,1.0,1.0
Eswatini,2.0,1.0
Eswatini,3.0,1.0
Eswatini,4.0,1.0
Eswatini,5.0,1.0
Eswatini,6.0,1.0
Eswatini,7.0,1.0
Eswatini,8.0,1.0
Eswatini,9.0,4.0
Eswatini,10.0,4.0
Eswatini,11.0,4.0
Eswatini,12.0,4.0
Eswatini,13.0,6.0
Eswatini,14.0,9.0
Eswatini,15.0,9.0
Eswatini,16.0,9.0
Eswatini,17.0,9.0
Eswatini,18.0,9.0
Ethiopia,1.0,1.0
Ethiopia,2.0,1.0
Ethiopia,3.0,1.0
Ethiopia,4.0,5.0
Ethiopia,5.0,5.0
Ethiopia,6.0,6.0
Ethiopia,7.0,6.0
Ethiopia,8.0,9.0
Ethiopia,9.0,9.0
Ethiopia,10.0,11.0
Ethiopia,11.0,11.0
Ethiopia,12.0,12.0
Ethiopia,13.0,12.0
Ethiopia,14.0,12.0
Ethiopia,15.0,16.0
Ethiopia,16.0,16.0
Ethiopia,17.0,21.0
Ethiopia,18.0,23.0
Ethiopia,19.0,26.0
Fiji,1.0,1.0
Fiji,2.0,1.0
Fiji,3.0,1.0
Fiji,4.0,2.0
Fiji,5.0,3.0
Fiji,6.0,4.0
Fiji,7.0,5.0
Fiji,8.0,5.0
Fiji,9.0,5.0
Fiji,10.0,5.0
Fiji,11.0,5.0
Fiji,12.0,5.0
Fiji,13.0,5.0
Finland,1.0,1.0
Finland,2.0,1.0
Finland,3.0,1.0
Finland,4.0,1.0
Finland,5.0,1.0
Finland,6.0,1.0
Finland,7.0,1.0
Finland,8.0,1.0
Finland,9.0,1.0
Finland,10.0,1.0
Finland,11.0,1.0
Finland,12.0,1.0
Finland,13.0,1.0
Finland,14.0,1.0
Finland,15.0,1.0
Finland,16.0,1.0
Finland,17.0,1.0
Finland,18.0,1.0
Finland,19.0,1.0
Finland,20.0,1.0
Finland,21.0,1.0
Finland,22.0,1.0
Finland,23.0,1.0
Finland,24.0,1.0
Finland,25.0,1.0
Finland,26.0,1.0
Finland,27.0,1.0
Finland,28.0,1.0
Finland,29.0,2.0
Finland,30.0,2.0
Finland,31.0,2.0
Finland,32.0,3.0
Finland,33.0,6.0
Finland,34.0,6.0
Finland,35.0,6.0
Finland,36.0,6.0
Finland,37.0,12.0
Finland,38.0,15.0
Finland,39.0,15.0
Finland,40.0,23.0
Finland,41.0,30.0
Finland,42.0,40.0
Finland,43.0,59.0
Finland,44.0,59.0
Finland,45.0,155.0
Finland,46.0,225.0
Finland,47.0,244.0
Finland,48.0,277.0
Finland,49.0,321.0
Finland,50.0,336.0
Finland,51.0,400.0
Finland,52.0,450.0
Finland,53.0,523.0
Finland,54.0,626.0
Finland,55.0,700.0
Finland,56.0,792.0
Finland,57.0,880.0
Finland,58.0,958.0
Finland,59.0,1041.0
Finland,60.0,1167.0
Finland,61.0,1240.0
Finland,62.0,1352.0
Finland,63.0,1418.0
France,1.0,2.0
France,2.0,3.0
France,3.0,3.0
France,4.0,3.0
France,5.0,4.0
France,6.0,5.0
France,7.0,5.0
France,8.0,5.0
France,9.0,6.0
France,10.0,6.0
France,11.0,6.0
France,12.0,6.0
France,13.0,6.0
France,14.0,6.0
France,15.0,6.0
France,16.0,11.0
France,17.0,11.0
France,18.0,11.0
France,19.0,11.0
France,20.0,11.0
France,21.0,11.0
France,22.0,11.0
France,23.0,12.0
France,24.0,12.0
France,25.0,12.0
France,26.0,12.0
France,27.0,12.0
France,28.0,12.0
France,29.0,12.0
France,30.0,12.0
France,31.0,12.0
France,32.0,12.0
France,33.0,14.0
France,34.0,18.0
France,35.0,38.0
France,36.0,57.0
France,37.0,100.0
France,38.0,130.0
France,39.0,191.0
France,40.0,204.0
France,41.0,288.0
France,42.0,380.0
France,43.0,656.0
France,44.0,959.0
France,45.0,1136.0
France,46.0,1219.0
France,47.0,1794.0
France,48.0,2293.0
France,49.0,2293.0
France,50.0,3681.0
France,51.0,4496.0
France,52.0,4532.0
France,53.0,6683.0
France,54.0,7715.0
France,55.0,9124.0
France,56.0,10970.0
France,57.0,12758.0
France,58.0,14463.0
France,59.0,16243.0
France,60.0,20123.0
France,61.0,22622.0
France,62.0,25600.0
France,63.0,29551.0
France,64.0,33402.0
France,65.0,38105.0
France,66.0,40708.0
France,67.0,45170.0
France,68.0,52827.0
Gabon,1.0,1.0
Gabon,2.0,1.0
Gabon,3.0,1.0
Gabon,4.0,1.0
Gabon,5.0,1.0
Gabon,6.0,1.0
Gabon,7.0,3.0
Gabon,8.0,4.0
Gabon,9.0,5.0
Gabon,10.0,5.0
Gabon,11.0,6.0
Gabon,12.0,6.0
Gabon,13.0,7.0
Gabon,14.0,7.0
Gabon,15.0,7.0
Gabon,16.0,7.0
Gabon,17.0,7.0
Gabon,18.0,16.0
Gambia,1.0,1.0
Gambia,2.0,1.0
Gambia,3.0,1.0
Gambia,4.0,1.0
Gambia,5.0,1.0
Gambia,6.0,1.0
Gambia,7.0,2.0
Gambia,8.0,3.0
Gambia,9.0,3.0
Gambia,10.0,3.0
Gambia,11.0,3.0
Gambia,12.0,3.0
Gambia,13.0,4.0
Gambia,14.0,4.0
Gambia,15.0,4.0
Georgia,1.0,1.0
Georgia,2.0,1.0
Georgia,3.0,1.0
Georgia,4.0,1.0
Georgia,5.0,3.0
Georgia,6.0,3.0
Georgia,7.0,3.0
Georgia,8.0,3.0
Georgia,9.0,4.0
Georgia,10.0,4.0
Georgia,11.0,4.0
Georgia,12.0,13.0
Georgia,13.0,15.0
Georgia,14.0,15.0
Georgia,15.0,24.0
Georgia,16.0,24.0
Georgia,17.0,25.0
Georgia,18.0,30.0
Georgia,19.0,33.0
Georgia,20.0,33.0
Georgia,21.0,34.0
Georgia,22.0,38.0
Georgia,23.0,40.0
Georgia,24.0,43.0
Georgia,25.0,49.0
Georgia,26.0,54.0
Georgia,27.0,61.0
Georgia,28.0,70.0
Georgia,29.0,75.0
Georgia,30.0,79.0
Georgia,31.0,83.0
Georgia,32.0,90.0
Georgia,33.0,91.0
Georgia,34.0,103.0
Georgia,35.0,110.0
Germany,1.0,1.0
Germany,2.0,4.0
Germany,3.0,4.0
Germany,4.0,4.0
Germany,5.0,5.0
Germany,6.0,8.0
Germany,7.0,10.0
Germany,8.0,12.0
Germany,9.0,12.0
Germany,10.0,12.0
Germany,11.0,12.0
Germany,12.0,13.0
Germany,13.0,13.0
Germany,14.0,14.0
Germany,15.0,14.0
Germany,16.0,16.0
Germany,17.0,16.0
Germany,18.0,16.0
Germany,19.0,16.0
Germany,20.0,16.0
Germany,21.0,16.0
Germany,22.0,16.0
Germany,23.0,16.0
Germany,24.0,16.0
Germany,25.0,16.0
Germany,26.0,16.0
Germany,27.0,16.0
Germany,28.0,16.0
Germany,29.0,16.0
Germany,30.0,17.0
Germany,31.0,27.0
Germany,32.0,46.0
Germany,33.0,48.0
Germany,34.0,79.0
Germany,35.0,130.0
Germany,36.0,159.0
Germany,37.0,196.0
Germany,38.0,262.0
Germany,39.0,482.0
Germany,40.0,670.0
Germany,41.0,799.0
Germany,42.0,1040.0
Germany,43.0,1176.0
Germany,44.0,1457.0
Germany,45.0,1908.0
Germany,46.0,2078.0
Germany,47.0,3675.0
Germany,48.0,4585.0
Germany,49.0,5795.0
Germany,50.0,7272.0
Germany,51.0,9257.0
Germany,52.0,12327.0
Germany,53.0,15320.0
Germany,54.0,19848.0
Germany,55.0,22213.0
Germany,56.0,24873.0
Germany,57.0,29056.0
Germany,58.0,32986.0
Germany,59.0,37323.0
Germany,60.0,43938.0
Germany,61.0,50871.0
Germany,62.0,57695.0
Germany,63.0,62095.0
Germany,64.0,66885.0
Germany,65.0,71808.0
Ghana,1.0,3.0
Ghana,2.0,6.0
Ghana,3.0,6.0
Ghana,4.0,7.0
Ghana,5.0,7.0
Ghana,6.0,11.0
Ghana,7.0,16.0
Ghana,8.0,19.0
Ghana,9.0,23.0
Ghana,10.0,27.0
Ghana,11.0,53.0
Ghana,12.0,93.0
Ghana,13.0,132.0
Ghana,14.0,137.0
Ghana,15.0,141.0
Ghana,16.0,152.0
Ghana,17.0,152.0
Ghana,18.0,161.0
Greece,1.0,1.0
Greece,2.0,3.0
Greece,3.0,4.0
Greece,4.0,4.0
Greece,5.0,7.0
Greece,6.0,7.0
Greece,7.0,7.0
Greece,8.0,9.0
Greece,9.0,31.0
Greece,10.0,45.0
Greece,11.0,46.0
Greece,12.0,73.0
Greece,13.0,73.0
Greece,14.0,89.0
Greece,15.0,99.0
Greece,16.0,99.0
Greece,17.0,190.0
Greece,18.0,228.0
Greece,19.0,331.0
Greece,20.0,331.0
Greece,21.0,387.0
Greece,22.0,418.0
Greece,23.0,418.0
Greece,24.0,495.0
Greece,25.0,530.0
Greece,26.0,624.0
Greece,27.0,695.0
Greece,28.0,743.0
Greece,29.0,821.0
Greece,30.0,892.0
Greece,31.0,966.0
Greece,32.0,1061.0
Greece,33.0,1156.0
Greece,34.0,1212.0
Greece,35.0,1314.0
Grenada,1.0,1.0
Grenada,2.0,1.0
Grenada,3.0,1.0
Grenada,4.0,1.0
Grenada,5.0,7.0
Grenada,6.0,7.0
Grenada,7.0,7.0
Grenada,8.0,9.0
Grenada,9.0,9.0
Grenada,10.0,9.0
Guatemala,1.0,1.0
Guatemala,2.0,1.0
Guatemala,3.0,2.0
Guatemala,4.0,6.0
Guatemala,5.0,6.0
Guatemala,6.0,9.0
Guatemala,7.0,12.0
Guatemala,8.0,17.0
Guatemala,9.0,19.0
Guatemala,10.0,20.0
Guatemala,11.0,21.0
Guatemala,12.0,24.0
Guatemala,13.0,25.0
Guatemala,14.0,28.0
Guatemala,15.0,34.0
Guatemala,16.0,34.0
Guatemala,17.0,36.0
Guatemala,18.0,38.0
Guinea,1.0,1.0
Guinea,2.0,1.0
Guinea,3.0,1.0
Guinea,4.0,1.0
Guinea,5.0,1.0
Guinea,6.0,1.0
Guinea,7.0,1.0
Guinea,8.0,1.0
Guinea,9.0,2.0
Guinea,10.0,2.0
Guinea,11.0,4.0
Guinea,12.0,4.0
Guinea,13.0,4.0
Guinea,14.0,4.0
Guinea,15.0,8.0
Guinea,16.0,8.0
Guinea,17.0,16.0
Guinea,18.0,22.0
Guinea,19.0,22.0
Guinea-Bissau,1.0,2.0
Guinea-Bissau,2.0,2.0
Guinea-Bissau,3.0,2.0
Guinea-Bissau,4.0,2.0
Guinea-Bissau,5.0,2.0
Guinea-Bissau,6.0,8.0
Guinea-Bissau,7.0,8.0
Guyana,1.0,1.0
Guyana,2.0,1.0
Guyana,3.0,1.0
Guyana,4.0,4.0
Guyana,5.0,4.0
Guyana,6.0,7.0
Guyana,7.0,7.0
Guyana,8.0,7.0
Guyana,9.0,7.0
Guyana,10.0,7.0
Guyana,11.0,19.0
Guyana,12.0,20.0
Guyana,13.0,5.0
Guyana,14.0,5.0
Guyana,15.0,5.0
Guyana,16.0,5.0
Guyana,17.0,8.0
Guyana,18.0,8.0
Guyana,19.0,8.0
Guyana,20.0,12.0
Haiti,1.0,2.0
Haiti,2.0,2.0
Haiti,3.0,2.0
Haiti,4.0,6.0
Haiti,5.0,7.0
Haiti,6.0,8.0
Haiti,7.0,8.0
Haiti,8.0,8.0
Haiti,9.0,8.0
Haiti,10.0,15.0
Haiti,11.0,15.0
Haiti,12.0,15.0
Holy See,1.0,1.0
Holy See,2.0,1.0
Holy See,3.0,1.0
Holy See,4.0,1.0
Holy See,5.0,1.0
Holy See,6.0,1.0
Holy See,7.0,1.0
Holy See,8.0,1.0
Holy See,9.0,1.0
Holy See,10.0,1.0
Holy See,11.0,1.0
Holy See,12.0,1.0
Holy See,13.0,1.0
Holy See,14.0,1.0
Holy See,15.0,1.0
Holy See,16.0,1.0
Holy See,17.0,1.0
Holy See,18.0,1.0
Holy See,19.0,4.0
Holy See,20.0,4.0
Holy See,21.0,4.0
Holy See,22.0,4.0
Holy See,23.0,6.0
Holy See,24.0,6.0
Holy See,25.0,6.0
Holy See,26.0,6.0
Honduras,1.0,2.0
Honduras,2.0,2.0
Honduras,3.0,2.0
Honduras,4.0,2.0
Honduras,5.0,3.0
Honduras,6.0,6.0
Honduras,7.0,8.0
Honduras,8.0,9.0
Honduras,9.0,12.0
Honduras,10.0,24.0
Honduras,11.0,24.0
Honduras,12.0,26.0
Honduras,13.0,30.0
Honduras,14.0,30.0
Honduras,15.0,36.0
Honduras,16.0,52.0
Honduras,17.0,68.0
Honduras,18.0,95.0
Honduras,19.0,110.0
Honduras,20.0,139.0
Honduras,21.0,141.0
Hungary,1.0,2.0
Hungary,2.0,2.0
Hungary,3.0,2.0
Hungary,4.0,4.0
Hungary,5.0,7.0
Hungary,6.0,9.0
Hungary,7.0,9.0
Hungary,8.0,13.0
Hungary,9.0,13.0
Hungary,10.0,19.0
Hungary,11.0,30.0
Hungary,12.0,32.0
Hungary,13.0,39.0
Hungary,14.0,50.0
Hungary,15.0,58.0
Hungary,16.0,73.0
Hungary,17.0,85.0
Hungary,18.0,103.0
Hungary,19.0,131.0
Hungary,20.0,167.0
Hungary,21.0,187.0
Hungary,22.0,226.0
Hungary,23.0,261.0
Hungary,24.0,300.0
Hungary,25.0,343.0
Hungary,26.0,408.0
Hungary,27.0,447.0
Hungary,28.0,492.0
Iceland,1.0,1.0
Iceland,2.0,1.0
Iceland,3.0,3.0
Iceland,4.0,6.0
Iceland,5.0,11.0
Iceland,6.0,26.0
Iceland,7.0,34.0
Iceland,8.0,43.0
Iceland,9.0,50.0
Iceland,10.0,50.0
Iceland,11.0,58.0
Iceland,12.0,69.0
Iceland,13.0,85.0
Iceland,14.0,103.0
Iceland,15.0,134.0
Iceland,16.0,156.0
Iceland,17.0,171.0
Iceland,18.0,180.0
Iceland,19.0,220.0
Iceland,20.0,250.0
Iceland,21.0,330.0
Iceland,22.0,409.0
Iceland,23.0,473.0
Iceland,24.0,568.0
Iceland,25.0,588.0
Iceland,26.0,648.0
Iceland,27.0,737.0
Iceland,28.0,802.0
Iceland,29.0,890.0
Iceland,30.0,963.0
Iceland,31.0,1020.0
Iceland,32.0,1086.0
Iceland,33.0,1135.0
India,1.0,1.0
India,2.0,1.0
India,3.0,1.0
India,4.0,2.0
India,5.0,3.0
India,6.0,3.0
India,7.0,3.0
India,8.0,3.0
India,9.0,3.0
India,10.0,3.0
India,11.0,3.0
India,12.0,3.0
India,13.0,3.0
India,14.0,3.0
India,15.0,3.0
India,16.0,3.0
India,17.0,3.0
India,18.0,3.0
India,19.0,3.0
India,20.0,3.0
India,21.0,3.0
India,22.0,3.0
India,23.0,3.0
India,24.0,3.0
India,25.0,3.0
India,26.0,3.0
India,27.0,3.0
India,28.0,3.0
India,29.0,3.0
India,30.0,3.0
India,31.0,3.0
India,32.0,3.0
India,33.0,5.0
India,34.0,5.0
India,35.0,28.0
India,36.0,30.0
India,37.0,31.0
India,38.0,34.0
India,39.0,39.0
India,40.0,43.0
India,41.0,56.0
India,42.0,62.0
India,43.0,73.0
India,44.0,82.0
India,45.0,102.0
India,46.0,113.0
India,47.0,119.0
India,48.0,142.0
India,49.0,156.0
India,50.0,194.0
India,51.0,244.0
India,52.0,330.0
India,53.0,396.0
India,54.0,499.0
India,55.0,536.0
India,56.0,657.0
India,57.0,727.0
India,58.0,887.0
India,59.0,987.0
India,60.0,1024.0
India,61.0,1251.0
India,62.0,1397.0
Indonesia,1.0,2.0
Indonesia,2.0,2.0
Indonesia,3.0,2.0
Indonesia,4.0,2.0
Indonesia,5.0,4.0
Indonesia,6.0,4.0
Indonesia,7.0,6.0
Indonesia,8.0,19.0
Indonesia,9.0,27.0
Indonesia,10.0,34.0
Indonesia,11.0,34.0
Indonesia,12.0,69.0
Indonesia,13.0,96.0
Indonesia,14.0,117.0
Indonesia,15.0,134.0
Indonesia,16.0,172.0
Indonesia,17.0,227.0
Indonesia,18.0,311.0
Indonesia,19.0,369.0
Indonesia,20.0,450.0
Indonesia,21.0,514.0
Indonesia,22.0,579.0
Indonesia,23.0,686.0
Indonesia,24.0,790.0
Indonesia,25.0,893.0
Indonesia,26.0,1046.0
Indonesia,27.0,1155.0
Indonesia,28.0,1285.0
Indonesia,29.0,1414.0
Indonesia,30.0,1528.0
Iran,1.0,2.0
Iran,2.0,5.0
Iran,3.0,18.0
Iran,4.0,28.0
Iran,5.0,43.0
Iran,6.0,61.0
Iran,7.0,95.0
Iran,8.0,139.0
Iran,9.0,245.0
Iran,10.0,388.0
Iran,11.0,593.0
Iran,12.0,978.0
Iran,13.0,1501.0
Iran,14.0,2336.0
Iran,15.0,2922.0
Iran,16.0,3513.0
Iran,17.0,4747.0
Iran,18.0,5823.0
Iran,19.0,6566.0
Iran,20.0,7161.0
Iran,21.0,8042.0
Iran,22.0,9000.0
Iran,23.0,10075.0
Iran,24.0,11364.0
Iran,25.0,12729.0
Iran,26.0,13938.0
Iran,27.0,14991.0
Iran,28.0,16169.0
Iran,29.0,17361.0
Iran,30.0,18407.0
Iran,31.0,19644.0
Iran,32.0,20610.0
Iran,33.0,21638.0
Iran,34.0,23049.0
Iran,35.0,24811.0
Iran,36.0,27017.0
Iran,37.0,29406.0
Iran,38.0,32332.0
Iran,39.0,35408.0
Iran,40.0,38309.0
Iran,41.0,41495.0
Iran,42.0,44605.0
Iraq,1.0,1.0
Iraq,2.0,1.0
Iraq,3.0,5.0
Iraq,4.0,7.0
Iraq,5.0,7.0
Iraq,6.0,13.0
Iraq,7.0,19.0
Iraq,8.0,26.0
Iraq,9.0,32.0
Iraq,10.0,35.0
Iraq,11.0,35.0
Iraq,12.0,40.0
Iraq,13.0,54.0
Iraq,14.0,60.0
Iraq,15.0,60.0
Iraq,16.0,71.0
Iraq,17.0,71.0
Iraq,18.0,71.0
Iraq,19.0,101.0
Iraq,20.0,110.0
Iraq,21.0,116.0
Iraq,22.0,124.0
Iraq,23.0,154.0
Iraq,24.0,164.0
Iraq,25.0,192.0
Iraq,26.0,208.0
Iraq,27.0,214.0
Iraq,28.0,233.0
Iraq,29.0,266.0
Iraq,30.0,316.0
Iraq,31.0,346.0
Iraq,32.0,382.0
Iraq,33.0,458.0
Iraq,34.0,506.0
Iraq,35.0,547.0
Iraq,36.0,630.0
Iraq,37.0,694.0
Ireland,1.0,1.0
Ireland,2.0,1.0
Ireland,3.0,1.0
Ireland,4.0,2.0
Ireland,5.0,6.0
Ireland,6.0,6.0
Ireland,7.0,18.0
Ireland,8.0,18.0
Ireland,9.0,19.0
Ireland,10.0,21.0
Ireland,11.0,34.0
Ireland,12.0,43.0
Ireland,13.0,43.0
Ireland,14.0,90.0
Ireland,15.0,129.0
Ireland,16.0,129.0
Ireland,17.0,169.0
Ireland,18.0,223.0
Ireland,19.0,292.0
Ireland,20.0,557.0
Ireland,21.0,683.0
Ireland,22.0,785.0
Ireland,23.0,906.0
Ireland,24.0,1125.0
Ireland,25.0,1329.0
Ireland,26.0,1564.0
Ireland,27.0,1819.0
Ireland,28.0,2121.0
Ireland,29.0,2415.0
Ireland,30.0,2615.0
Ireland,31.0,2910.0
Ireland,32.0,3235.0
Israel,1.0,1.0
Israel,2.0,1.0
Israel,3.0,1.0
Israel,4.0,1.0
Israel,5.0,1.0
Israel,6.0,2.0
Israel,7.0,3.0
Israel,8.0,4.0
Israel,9.0,7.0
Israel,10.0,10.0
Israel,11.0,10.0
Israel,12.0,12.0
Israel,13.0,15.0
Israel,14.0,20.0
Israel,15.0,37.0
Israel,16.0,43.0
Israel,17.0,61.0
Israel,18.0,61.0
Israel,19.0,75.0
Israel,20.0,79.0
Israel,21.0,100.0
Israel,22.0,126.0
Israel,23.0,155.0
Israel,24.0,213.0
Israel,25.0,218.0
Israel,26.0,250.0
Israel,27.0,304.0
Israel,28.0,427.0
Israel,29.0,529.0
Israel,30.0,712.0
Israel,31.0,883.0
Israel,32.0,1071.0
Israel,33.0,1238.0
Israel,34.0,2369.0
Israel,35.0,2693.0
Israel,36.0,3035.0
Israel,37.0,3619.0
Israel,38.0,4247.0
Israel,39.0,4695.0
Israel,40.0,5358.0
Italy,1.0,2.0
Italy,2.0,2.0
Italy,3.0,2.0
Italy,4.0,2.0
Italy,5.0,2.0
Italy,6.0,2.0
Italy,7.0,2.0
Italy,8.0,3.0
Italy,9.0,3.0
Italy,10.0,3.0
Italy,11.0,3.0
Italy,12.0,3.0
Italy,13.0,3.0
Italy,14.0,3.0
Italy,15.0,3.0
Italy,16.0,3.0
Italy,17.0,3.0
Italy,18.0,3.0
Italy,19.0,3.0
Italy,20.0,3.0
Italy,21.0,3.0
Italy,22.0,20.0
Italy,23.0,62.0
Italy,24.0,155.0
Italy,25.0,229.0
Italy,26.0,322.0
Italy,27.0,453.0
Italy,28.0,655.0
Italy,29.0,888.0
Italy,30.0,1128.0
Italy,31.0,1694.0
Italy,32.0,2036.0
Italy,33.0,2502.0
Italy,34.0,3089.0
Italy,35.0,3858.0
Italy,36.0,4636.0
Italy,37.0,5883.0
Italy,38.0,7375.0
Italy,39.0,9172.0
Italy,40.0,10149.0
Italy,41.0,12462.0
Italy,42.0,12462.0
Italy,43.0,17660.0
Italy,44.0,21157.0
Italy,45.0,24747.0
Italy,46.0,27980.0
Italy,47.0,31506.0
Italy,48.0,35713.0
Italy,49.0,41035.0
Italy,50.0,47021.0
Italy,51.0,53578.0
Italy,52.0,59138.0
Italy,53.0,63927.0
Italy,54.0,69176.0
Italy,55.0,74386.0
Italy,56.0,80589.0
Italy,57.0,86498.0
Italy,58.0,92472.0
Italy,59.0,97689.0
Italy,60.0,101739.0
Italy,61.0,105792.0
Jamaica,1.0,1.0
Jamaica,2.0,2.0
Jamaica,3.0,8.0
Jamaica,4.0,8.0
Jamaica,5.0,10.0
Jamaica,6.0,10.0
Jamaica,7.0,12.0
Jamaica,8.0,13.0
Jamaica,9.0,15.0
Jamaica,10.0,16.0
Jamaica,11.0,16.0
Jamaica,12.0,19.0
Jamaica,13.0,19.0
Jamaica,14.0,21.0
Jamaica,15.0,26.0
Jamaica,16.0,26.0
Jamaica,17.0,26.0
Jamaica,18.0,30.0
Jamaica,19.0,32.0
Jamaica,20.0,36.0
Jamaica,21.0,36.0
Japan,1.0,2.0
Japan,2.0,2.0
Japan,3.0,2.0
Japan,4.0,2.0
Japan,5.0,4.0
Japan,6.0,4.0
Japan,7.0,7.0
Japan,8.0,7.0
Japan,9.0,11.0
Japan,10.0,15.0
Japan,11.0,20.0
Japan,12.0,20.0
Japan,13.0,20.0
Japan,14.0,22.0
Japan,15.0,22.0
Japan,16.0,22.0
Japan,17.0,25.0
Japan,18.0,25.0
Japan,19.0,26.0
Japan,20.0,26.0
Japan,21.0,26.0
Japan,22.0,28.0
Japan,23.0,28.0
Japan,24.0,29.0
Japan,25.0,43.0
Japan,26.0,59.0
Japan,27.0,66.0
Japan,28.0,74.0
Japan,29.0,84.0
Japan,30.0,94.0
Japan,31.0,105.0
Japan,32.0,122.0
Japan,33.0,147.0
Japan,34.0,159.0
Japan,35.0,170.0
Japan,36.0,189.0
Japan,37.0,214.0
Japan,38.0,228.0
Japan,39.0,241.0
Japan,40.0,256.0
Japan,41.0,274.0
Japan,42.0,293.0
Japan,43.0,331.0
Japan,44.0,360.0
Japan,45.0,420.0
Japan,46.0,461.0
Japan,47.0,502.0
Japan,48.0,511.0
Japan,49.0,581.0
Japan,50.0,639.0
Japan,51.0,639.0
Japan,52.0,701.0
Japan,53.0,773.0
Japan,54.0,839.0
Japan,55.0,839.0
Japan,56.0,878.0
Japan,57.0,889.0
Japan,58.0,924.0
Japan,59.0,963.0
Japan,60.0,1007.0
Japan,61.0,1101.0
Japan,62.0,1128.0
Japan,63.0,1193.0
Japan,64.0,1307.0
Japan,65.0,1387.0
Japan,66.0,1468.0
Japan,67.0,1693.0
Japan,68.0,1866.0
Japan,69.0,1866.0
Japan,70.0,1953.0
Jordan,1.0,1.0
Jordan,2.0,1.0
Jordan,3.0,1.0
Jordan,4.0,1.0
Jordan,5.0,1.0
Jordan,6.0,1.0
Jordan,7.0,1.0
Jordan,8.0,1.0
Jordan,9.0,1.0
Jordan,10.0,1.0
Jordan,11.0,1.0
Jordan,12.0,1.0
Jordan,13.0,8.0
Jordan,14.0,17.0
Jordan,15.0,34.0
Jordan,16.0,52.0
Jordan,17.0,69.0
Jordan,18.0,85.0
Jordan,19.0,85.0
Jordan,20.0,112.0
Jordan,21.0,127.0
Jordan,22.0,154.0
Jordan,23.0,172.0
Jordan,24.0,212.0
Jordan,25.0,235.0
Jordan,26.0,246.0
Jordan,27.0,259.0
Jordan,28.0,268.0
Jordan,29.0,274.0
Kazakhstan,1.0,4.0
Kazakhstan,2.0,6.0
Kazakhstan,3.0,9.0
Kazakhstan,4.0,10.0
Kazakhstan,5.0,33.0
Kazakhstan,6.0,35.0
Kazakhstan,7.0,44.0
Kazakhstan,8.0,49.0
Kazakhstan,9.0,53.0
Kazakhstan,10.0,60.0
Kazakhstan,11.0,62.0
Kazakhstan,12.0,72.0
Kazakhstan,13.0,81.0
Kazakhstan,14.0,111.0
Kazakhstan,15.0,150.0
Kazakhstan,16.0,228.0
Kazakhstan,17.0,284.0
Kazakhstan,18.0,302.0
Kazakhstan,19.0,343.0
Kenya,1.0,1.0
Kenya,2.0,1.0
Kenya,3.0,3.0
Kenya,4.0,3.0
Kenya,5.0,3.0
Kenya,6.0,3.0
Kenya,7.0,7.0
Kenya,8.0,7.0
Kenya,9.0,7.0
Kenya,10.0,15.0
Kenya,11.0,16.0
Kenya,12.0,25.0
Kenya,13.0,28.0
Kenya,14.0,31.0
Kenya,15.0,31.0
Kenya,16.0,38.0
Kenya,17.0,42.0
Kenya,18.0,50.0
Kenya,19.0,59.0
"Korea, South",1.0,1.0
"Korea, South",2.0,1.0
"Korea, South",3.0,2.0
"Korea, South",4.0,2.0
"Korea, South",5.0,3.0
"Korea, South",6.0,4.0
"Korea, South",7.0,4.0
"Korea, South",8.0,4.0
"Korea, South",9.0,4.0
"Korea, South",10.0,11.0
"Korea, South",11.0,12.0
"Korea, South",12.0,15.0
"Korea, South",13.0,15.0
"Korea, South",14.0,16.0
"Korea, South",15.0,19.0
"Korea, South",16.0,23.0
"Korea, South",17.0,24.0
"Korea, South",18.0,24.0
"Korea, South",19.0,25.0
"Korea, South",20.0,27.0
"Korea, South",21.0,28.0
"Korea, South",22.0,28.0
"Korea, South",23.0,28.0
"Korea, South",24.0,28.0
"Korea, South",25.0,28.0
"Korea, South",26.0,29.0
"Korea, South",27.0,30.0
"Korea, South",28.0,31.0
"Korea, South",29.0,31.0
"Korea, South",30.0,104.0
"Korea, South",31.0,204.0
"Korea, South",32.0,433.0
"Korea, South",33.0,602.0
"Korea, South",34.0,833.0
"Korea, South",35.0,977.0
"Korea, South",36.0,1261.0
"Korea, South",37.0,1766.0
"Korea, South",38.0,2337.0
"Korea, South",39.0,3150.0
"Korea, South",40.0,3736.0
"Korea, South",41.0,4335.0
"Korea, South",42.0,5186.0
"Korea, South",43.0,5621.0
"Korea, South",44.0,6088.0
"Korea, South",45.0,6593.0
"Korea, South",46.0,7041.0
"Korea, South",47.0,7314.0
"Korea, South",48.0,7478.0
"Korea, South",49.0,7513.0
"Korea, South",50.0,7755.0
"Korea, South",51.0,7869.0
"Korea, South",52.0,7979.0
"Korea, South",53.0,8086.0
"Korea, South",54.0,8162.0
"Korea, South",55.0,8236.0
"Korea, South",56.0,8320.0
"Korea, South",57.0,8413.0
"Korea, South",58.0,8565.0
"Korea, South",59.0,8652.0
"Korea, South",60.0,8799.0
"Korea, South",61.0,8961.0
"Korea, South",62.0,8961.0
"Korea, South",63.0,9037.0
"Korea, South",64.0,9137.0
"Korea, South",65.0,9241.0
"Korea, South",66.0,9332.0
"Korea, South",67.0,9478.0
"Korea, South",68.0,9583.0
"Korea, South",69.0,9661.0
"Korea, South",70.0,9786.0
Kosovo,1.0,71.0
Kosovo,2.0,86.0
Kosovo,3.0,91.0
Kosovo,4.0,94.0
Kosovo,5.0,94.0
Kosovo,6.0,112.0
Kuwait,1.0,1.0
Kuwait,2.0,11.0
Kuwait,3.0,26.0
Kuwait,4.0,43.0
Kuwait,5.0,45.0
Kuwait,6.0,45.0
Kuwait,7.0,45.0
Kuwait,8.0,56.0
Kuwait,9.0,56.0
Kuwait,10.0,56.0
Kuwait,11.0,58.0
Kuwait,12.0,58.0
Kuwait,13.0,61.0
Kuwait,14.0,64.0
Kuwait,15.0,64.0
Kuwait,16.0,69.0
Kuwait,17.0,72.0
Kuwait,18.0,80.0
Kuwait,19.0,80.0
Kuwait,20.0,104.0
Kuwait,21.0,112.0
Kuwait,22.0,123.0
Kuwait,23.0,130.0
Kuwait,24.0,142.0
Kuwait,25.0,148.0
Kuwait,26.0,159.0
Kuwait,27.0,176.0
Kuwait,28.0,188.0
Kuwait,29.0,189.0
Kuwait,30.0,191.0
Kuwait,31.0,195.0
Kuwait,32.0,208.0
Kuwait,33.0,225.0
Kuwait,34.0,235.0
Kuwait,35.0,255.0
Kuwait,36.0,266.0
Kuwait,37.0,289.0
Kyrgyzstan,1.0,3.0
Kyrgyzstan,2.0,3.0
Kyrgyzstan,3.0,6.0
Kyrgyzstan,4.0,14.0
Kyrgyzstan,5.0,14.0
Kyrgyzstan,6.0,16.0
Kyrgyzstan,7.0,42.0
Kyrgyzstan,8.0,44.0
Kyrgyzstan,9.0,44.0
Kyrgyzstan,10.0,58.0
Kyrgyzstan,11.0,58.0
Kyrgyzstan,12.0,84.0
Kyrgyzstan,13.0,94.0
Kyrgyzstan,14.0,107.0
Laos,1.0,2.0
Laos,2.0,3.0
Laos,3.0,6.0
Laos,4.0,6.0
Laos,5.0,8.0
Laos,6.0,8.0
Laos,7.0,8.0
Laos,8.0,9.0
Latvia,1.0,1.0
Latvia,2.0,1.0
Latvia,3.0,1.0
Latvia,4.0,1.0
Latvia,5.0,1.0
Latvia,6.0,1.0
Latvia,7.0,2.0
Latvia,8.0,6.0
Latvia,9.0,8.0
Latvia,10.0,10.0
Latvia,11.0,10.0
Latvia,12.0,17.0
Latvia,13.0,26.0
Latvia,14.0,30.0
Latvia,15.0,34.0
Latvia,16.0,49.0
Latvia,17.0,71.0
Latvia,18.0,86.0
Latvia,19.0,111.0
Latvia,20.0,124.0
Latvia,21.0,139.0
Latvia,22.0,180.0
Latvia,23.0,197.0
Latvia,24.0,221.0
Latvia,25.0,244.0
Latvia,26.0,280.0
Latvia,27.0,305.0
Latvia,28.0,347.0
Latvia,29.0,376.0
Latvia,30.0,398.0
Lebanon,1.0,1.0
Lebanon,2.0,1.0
Lebanon,3.0,1.0
Lebanon,4.0,1.0
Lebanon,5.0,1.0
Lebanon,6.0,2.0
Lebanon,7.0,2.0
Lebanon,8.0,2.0
Lebanon,9.0,4.0
Lebanon,10.0,10.0
Lebanon,11.0,13.0
Lebanon,12.0,13.0
Lebanon,13.0,13.0
Lebanon,14.0,16.0
Lebanon,15.0,22.0
Lebanon,16.0,22.0
Lebanon,17.0,32.0
Lebanon,18.0,32.0
Lebanon,19.0,41.0
Lebanon,20.0,61.0
Lebanon,21.0,61.0
Lebanon,22.0,77.0
Lebanon,23.0,93.0
Lebanon,24.0,110.0
Lebanon,25.0,110.0
Lebanon,26.0,120.0
Lebanon,27.0,133.0
Lebanon,28.0,157.0
Lebanon,29.0,163.0
Lebanon,30.0,187.0
Lebanon,31.0,248.0
Lebanon,32.0,267.0
Lebanon,33.0,318.0
Lebanon,34.0,333.0
Lebanon,35.0,368.0
Lebanon,36.0,391.0
Lebanon,37.0,412.0
Lebanon,38.0,438.0
Lebanon,39.0,446.0
Lebanon,40.0,470.0
Liberia,1.0,1.0
Liberia,2.0,1.0
Liberia,3.0,2.0
Liberia,4.0,2.0
Liberia,5.0,2.0
Liberia,6.0,3.0
Liberia,7.0,3.0
Liberia,8.0,3.0
Liberia,9.0,3.0
Liberia,10.0,3.0
Liberia,11.0,3.0
Liberia,12.0,3.0
Liberia,13.0,3.0
Liberia,14.0,3.0
Liberia,15.0,3.0
Liberia,16.0,3.0
Libya,1.0,1.0
Libya,2.0,1.0
Libya,3.0,1.0
Libya,4.0,1.0
Libya,5.0,3.0
Libya,6.0,8.0
Libya,7.0,8.0
Libya,8.0,10.0
Liechtenstein,1.0,1.0
Liechtenstein,2.0,1.0
Liechtenstein,3.0,1.0
Liechtenstein,4.0,1.0
Liechtenstein,5.0,1.0
Liechtenstein,6.0,1.0
Liechtenstein,7.0,1.0
Liechtenstein,8.0,1.0
Liechtenstein,9.0,1.0
Liechtenstein,10.0,1.0
Liechtenstein,11.0,4.0
Liechtenstein,12.0,4.0
Liechtenstein,13.0,4.0
Liechtenstein,14.0,7.0
Liechtenstein,15.0,28.0
Liechtenstein,16.0,28.0
Liechtenstein,17.0,28.0
Liechtenstein,18.0,37.0
Liechtenstein,19.0,37.0
Liechtenstein,20.0,51.0
Liechtenstein,21.0,51.0
Liechtenstein,22.0,51.0
Liechtenstein,23.0,56.0
Liechtenstein,24.0,56.0
Liechtenstein,25.0,56.0
Liechtenstein,26.0,56.0
Liechtenstein,27.0,62.0
Liechtenstein,28.0,68.0
Lithuania,1.0,1.0
Lithuania,2.0,1.0
Lithuania,3.0,1.0
Lithuania,4.0,1.0
Lithuania,5.0,1.0
Lithuania,6.0,1.0
Lithuania,7.0,1.0
Lithuania,8.0,1.0
Lithuania,9.0,1.0
Lithuania,10.0,1.0
Lithuania,11.0,1.0
Lithuania,12.0,1.0
Lithuania,13.0,3.0
Lithuania,14.0,3.0
Lithuania,15.0,6.0
Lithuania,16.0,8.0
Lithuania,17.0,12.0
Lithuania,18.0,17.0
Lithuania,19.0,25.0
Lithuania,20.0,27.0
Lithuania,21.0,36.0
Lithuania,22.0,49.0
Lithuania,23.0,83.0
Lithuania,24.0,143.0
Lithuania,25.0,179.0
Lithuania,26.0,209.0
Lithuania,27.0,274.0
Lithuania,28.0,299.0
Lithuania,29.0,358.0
Lithuania,30.0,394.0
Lithuania,31.0,460.0
Lithuania,32.0,491.0
Lithuania,33.0,537.0
Luxembourg,1.0,1.0
Luxembourg,2.0,1.0
Luxembourg,3.0,1.0
Luxembourg,4.0,1.0
Luxembourg,5.0,1.0
Luxembourg,6.0,1.0
Luxembourg,7.0,2.0
Luxembourg,8.0,2.0
Luxembourg,9.0,3.0
Luxembourg,10.0,3.0
Luxembourg,11.0,5.0
Luxembourg,12.0,7.0
Luxembourg,13.0,19.0
Luxembourg,14.0,34.0
Luxembourg,15.0,51.0
Luxembourg,16.0,59.0
Luxembourg,17.0,77.0
Luxembourg,18.0,140.0
Luxembourg,19.0,203.0
Luxembourg,20.0,335.0
Luxembourg,21.0,484.0
Luxembourg,22.0,670.0
Luxembourg,23.0,798.0
Luxembourg,24.0,875.0
Luxembourg,25.0,1099.0
Luxembourg,26.0,1333.0
Luxembourg,27.0,1453.0
Luxembourg,28.0,1605.0
Luxembourg,29.0,1831.0
Luxembourg,30.0,1950.0
Luxembourg,31.0,1988.0
Luxembourg,32.0,2178.0
MS Zaandam,1.0,2.0
MS Zaandam,2.0,2.0
MS Zaandam,3.0,2.0
MS Zaandam,4.0,2.0
Madagascar,1.0,3.0
Madagascar,2.0,3.0
Madagascar,3.0,3.0
Madagascar,4.0,12.0
Madagascar,5.0,17.0
Madagascar,6.0,19.0
Madagascar,7.0,23.0
Madagascar,8.0,26.0
Madagascar,9.0,26.0
Madagascar,10.0,39.0
Madagascar,11.0,43.0
Madagascar,12.0,57.0
Malaysia,1.0,3.0
Malaysia,2.0,4.0
Malaysia,3.0,4.0
Malaysia,4.0,4.0
Malaysia,5.0,7.0
Malaysia,6.0,8.0
Malaysia,7.0,8.0
Malaysia,8.0,8.0
Malaysia,9.0,8.0
Malaysia,10.0,8.0
Malaysia,11.0,10.0
Malaysia,12.0,12.0
Malaysia,13.0,12.0
Malaysia,14.0,12.0
Malaysia,15.0,16.0
Malaysia,16.0,16.0
Malaysia,17.0,18.0
Malaysia,18.0,18.0
Malaysia,19.0,18.0
Malaysia,20.0,19.0
Malaysia,21.0,19.0
Malaysia,22.0,22.0
Malaysia,23.0,22.0
Malaysia,24.0,22.0
Malaysia,25.0,22.0
Malaysia,26.0,22.0
Malaysia,27.0,22.0
Malaysia,28.0,22.0
Malaysia,29.0,22.0
Malaysia,30.0,22.0
Malaysia,31.0,22.0
Malaysia,32.0,22.0
Malaysia,33.0,22.0
Malaysia,34.0,23.0
Malaysia,35.0,23.0
Malaysia,36.0,25.0
Malaysia,37.0,29.0
Malaysia,38.0,29.0
Malaysia,39.0,36.0
Malaysia,40.0,50.0
Malaysia,41.0,50.0
Malaysia,42.0,83.0
Malaysia,43.0,93.0
Malaysia,44.0,99.0
Malaysia,45.0,117.0
Malaysia,46.0,129.0
Malaysia,47.0,149.0
Malaysia,48.0,149.0
Malaysia,49.0,197.0
Malaysia,50.0,238.0
Malaysia,51.0,428.0
Malaysia,52.0,566.0
Malaysia,53.0,673.0
Malaysia,54.0,790.0
Malaysia,55.0,900.0
Malaysia,56.0,1030.0
Malaysia,57.0,1183.0
Malaysia,58.0,1306.0
Malaysia,59.0,1518.0
Malaysia,60.0,1624.0
Malaysia,61.0,1796.0
Malaysia,62.0,2031.0
Malaysia,63.0,2161.0
Malaysia,64.0,2320.0
Malaysia,65.0,2470.0
Malaysia,66.0,2626.0
Malaysia,67.0,2766.0
Maldives,1.0,4.0
Maldives,2.0,4.0
Maldives,3.0,6.0
Maldives,4.0,8.0
Maldives,5.0,8.0
Maldives,6.0,9.0
Maldives,7.0,10.0
Maldives,8.0,13.0
Maldives,9.0,13.0
Maldives,10.0,13.0
Maldives,11.0,13.0
Maldives,12.0,13.0
Maldives,13.0,13.0
Maldives,14.0,13.0
Maldives,15.0,13.0
Maldives,16.0,13.0
Maldives,17.0,13.0
Maldives,18.0,13.0
Maldives,19.0,13.0
Maldives,20.0,16.0
Maldives,21.0,16.0
Maldives,22.0,17.0
Maldives,23.0,17.0
Maldives,24.0,18.0
Mali,1.0,2.0
Mali,2.0,4.0
Mali,3.0,11.0
Mali,4.0,18.0
Mali,5.0,18.0
Mali,6.0,25.0
Mali,7.0,28.0
Malta,1.0,3.0
Malta,2.0,3.0
Malta,3.0,3.0
Malta,4.0,5.0
Malta,5.0,6.0
Malta,6.0,6.0
Malta,7.0,12.0
Malta,8.0,18.0
Malta,9.0,21.0
Malta,10.0,30.0
Malta,11.0,38.0
Malta,12.0,38.0
Malta,13.0,53.0
Malta,14.0,64.0
Malta,15.0,73.0
Malta,16.0,90.0
Malta,17.0,107.0
Malta,18.0,110.0
Malta,19.0,129.0
Malta,20.0,134.0
Malta,21.0,139.0
Malta,22.0,149.0
Malta,23.0,151.0
Malta,24.0,156.0
Malta,25.0,169.0
Mauritania,1.0,1.0
Mauritania,2.0,1.0
Mauritania,3.0,1.0
Mauritania,4.0,1.0
Mauritania,5.0,1.0
Mauritania,6.0,2.0
Mauritania,7.0,2.0
Mauritania,8.0,2.0
Mauritania,9.0,2.0
Mauritania,10.0,2.0
Mauritania,11.0,2.0
Mauritania,12.0,2.0
Mauritania,13.0,3.0
Mauritania,14.0,3.0
Mauritania,15.0,5.0
Mauritania,16.0,5.0
Mauritania,17.0,5.0
Mauritania,18.0,6.0
Mauritius,1.0,3.0
Mauritius,2.0,3.0
Mauritius,3.0,12.0
Mauritius,4.0,14.0
Mauritius,5.0,28.0
Mauritius,6.0,36.0
Mauritius,7.0,42.0
Mauritius,8.0,48.0
Mauritius,9.0,81.0
Mauritius,10.0,94.0
Mauritius,11.0,102.0
Mauritius,12.0,107.0
Mauritius,13.0,128.0
Mauritius,14.0,143.0
Mexico,1.0,1.0
Mexico,2.0,4.0
Mexico,3.0,5.0
Mexico,4.0,5.0
Mexico,5.0,5.0
Mexico,6.0,5.0
Mexico,7.0,5.0
Mexico,8.0,6.0
Mexico,9.0,6.0
Mexico,10.0,7.0
Mexico,11.0,7.0
Mexico,12.0,7.0
Mexico,13.0,8.0
Mexico,14.0,12.0
Mexico,15.0,12.0
Mexico,16.0,26.0
Mexico,17.0,41.0
Mexico,18.0,53.0
Mexico,19.0,82.0
Mexico,20.0,93.0
Mexico,21.0,118.0
Mexico,22.0,164.0
Mexico,23.0,203.0
Mexico,24.0,251.0
Mexico,25.0,316.0
Mexico,26.0,367.0
Mexico,27.0,405.0
Mexico,28.0,475.0
Mexico,29.0,585.0
Mexico,30.0,717.0
Mexico,31.0,848.0
Mexico,32.0,993.0
Mexico,33.0,1094.0
Moldova,1.0,1.0
Moldova,2.0,1.0
Moldova,3.0,3.0
Moldova,4.0,3.0
Moldova,5.0,3.0
Moldova,6.0,6.0
Moldova,7.0,12.0
Moldova,8.0,23.0
Moldova,9.0,23.0
Moldova,10.0,30.0
Moldova,11.0,30.0
Moldova,12.0,49.0
Moldova,13.0,66.0
Moldova,14.0,80.0
Moldova,15.0,94.0
Moldova,16.0,109.0
Moldova,17.0,125.0
Moldova,18.0,149.0
Moldova,19.0,177.0
Moldova,20.0,199.0
Moldova,21.0,231.0
Moldova,22.0,263.0
Moldova,23.0,298.0
Moldova,24.0,353.0
Monaco,1.0,1.0
Monaco,2.0,1.0
Monaco,3.0,1.0
Monaco,4.0,1.0
Monaco,5.0,1.0
Monaco,6.0,1.0
Monaco,7.0,1.0
Monaco,8.0,1.0
Monaco,9.0,1.0
Monaco,10.0,1.0
Monaco,11.0,1.0
Monaco,12.0,1.0
Monaco,13.0,2.0
Monaco,14.0,2.0
Monaco,15.0,2.0
Monaco,16.0,2.0
Monaco,17.0,7.0
Monaco,18.0,7.0
Monaco,19.0,7.0
Monaco,20.0,7.0
Monaco,21.0,11.0
Monaco,22.0,11.0
Monaco,23.0,23.0
Monaco,24.0,23.0
Monaco,25.0,23.0
Monaco,26.0,31.0
Monaco,27.0,33.0
Monaco,28.0,42.0
Monaco,29.0,42.0
Monaco,30.0,46.0
Monaco,31.0,49.0
Monaco,32.0,52.0
Mongolia,1.0,1.0
Mongolia,2.0,1.0
Mongolia,3.0,1.0
Mongolia,4.0,1.0
Mongolia,5.0,1.0
Mongolia,6.0,1.0
Mongolia,7.0,1.0
Mongolia,8.0,5.0
Mongolia,9.0,6.0
Mongolia,10.0,6.0
Mongolia,11.0,6.0
Mongolia,12.0,10.0
Mongolia,13.0,10.0
Mongolia,14.0,10.0
Mongolia,15.0,10.0
Mongolia,16.0,10.0
Mongolia,17.0,11.0
Mongolia,18.0,11.0
Mongolia,19.0,12.0
Mongolia,20.0,12.0
Mongolia,21.0,12.0
Mongolia,22.0,12.0
Montenegro,1.0,2.0
Montenegro,2.0,2.0
Montenegro,3.0,3.0
Montenegro,4.0,14.0
Montenegro,5.0,14.0
Montenegro,6.0,21.0
Montenegro,7.0,27.0
Montenegro,8.0,47.0
Montenegro,9.0,52.0
Montenegro,10.0,69.0
Montenegro,11.0,82.0
Montenegro,12.0,84.0
Montenegro,13.0,85.0
Montenegro,14.0,91.0
Montenegro,15.0,109.0
Morocco,1.0,1.0
Morocco,2.0,1.0
Morocco,3.0,1.0
Morocco,4.0,2.0
Morocco,5.0,2.0
Morocco,6.0,2.0
Morocco,7.0,2.0
Morocco,8.0,2.0
Morocco,9.0,3.0
Morocco,10.0,5.0
Morocco,11.0,6.0
Morocco,12.0,7.0
Morocco,13.0,17.0
Morocco,14.0,28.0
Morocco,15.0,29.0
Morocco,16.0,38.0
Morocco,17.0,49.0
Morocco,18.0,63.0
Morocco,19.0,77.0
Morocco,20.0,96.0
Morocco,21.0,115.0
Morocco,22.0,143.0
Morocco,23.0,170.0
Morocco,24.0,225.0
Morocco,25.0,275.0
Morocco,26.0,345.0
Morocco,27.0,402.0
Morocco,28.0,479.0
Morocco,29.0,556.0
Morocco,30.0,617.0
Mozambique,1.0,1.0
Mozambique,2.0,1.0
Mozambique,3.0,3.0
Mozambique,4.0,5.0
Mozambique,5.0,7.0
Mozambique,6.0,7.0
Mozambique,7.0,8.0
Mozambique,8.0,8.0
Mozambique,9.0,8.0
Mozambique,10.0,8.0
Namibia,1.0,2.0
Namibia,2.0,2.0
Namibia,3.0,2.0
Namibia,4.0,2.0
Namibia,5.0,2.0
Namibia,6.0,3.0
Namibia,7.0,3.0
Namibia,8.0,3.0
Namibia,9.0,3.0
Namibia,10.0,4.0
Namibia,11.0,7.0
Namibia,12.0,7.0
Namibia,13.0,8.0
Namibia,14.0,8.0
Namibia,15.0,8.0
Namibia,16.0,11.0
Namibia,17.0,11.0
Namibia,18.0,11.0
Nepal,1.0,1.0
Nepal,2.0,1.0
Nepal,3.0,1.0
Nepal,4.0,1.0
Nepal,5.0,1.0
Nepal,6.0,1.0
Nepal,7.0,1.0
Nepal,8.0,1.0
Nepal,9.0,1.0
Nepal,10.0,1.0
Nepal,11.0,1.0
Nepal,12.0,1.0
Nepal,13.0,1.0
Nepal,14.0,1.0
Nepal,15.0,1.0
Nepal,16.0,1.0
Nepal,17.0,1.0
Nepal,18.0,1.0
Nepal,19.0,1.0
Nepal,20.0,1.0
Nepal,21.0,1.0
Nepal,22.0,1.0
Nepal,23.0,1.0
Nepal,24.0,1.0
Nepal,25.0,1.0
Nepal,26.0,1.0
Nepal,27.0,1.0
Nepal,28.0,1.0
Nepal,29.0,1.0
Nepal,30.0,1.0
Nepal,31.0,1.0
Nepal,32.0,1.0
Nepal,33.0,1.0
Nepal,34.0,1.0
Nepal,35.0,1.0
Nepal,36.0,1.0
Nepal,37.0,1.0
Nepal,38.0,1.0
Nepal,39.0,1.0
Nepal,40.0,1.0
Nepal,41.0,1.0
Nepal,42.0,1.0
Nepal,43.0,1.0
Nepal,44.0,1.0
Nepal,45.0,1.0
Nepal,46.0,1.0
Nepal,47.0,1.0
Nepal,48.0,1.0
Nepal,49.0,1.0
Nepal,50.0,1.0
Nepal,51.0,1.0
Nepal,52.0,1.0
Nepal,53.0,1.0
Nepal,54.0,1.0
Nepal,55.0,1.0
Nepal,56.0,1.0
Nepal,57.0,1.0
Nepal,58.0,1.0
Nepal,59.0,2.0
Nepal,60.0,2.0
Nepal,61.0,3.0
Nepal,62.0,3.0
Nepal,63.0,4.0
Nepal,64.0,5.0
Nepal,65.0,5.0
Nepal,66.0,5.0
Nepal,67.0,5.0
Netherlands,1.0,1.0
Netherlands,2.0,1.0
Netherlands,3.0,6.0
Netherlands,4.0,10.0
Netherlands,5.0,18.0
Netherlands,6.0,24.0
Netherlands,7.0,38.0
Netherlands,8.0,82.0
Netherlands,9.0,128.0
Netherlands,10.0,188.0
Netherlands,11.0,265.0
Netherlands,12.0,321.0
Netherlands,13.0,382.0
Netherlands,14.0,503.0
Netherlands,15.0,503.0
Netherlands,16.0,806.0
Netherlands,17.0,962.0
Netherlands,18.0,1138.0
Netherlands,19.0,1416.0
Netherlands,20.0,1711.0
Netherlands,21.0,2058.0
Netherlands,22.0,2467.0
Netherlands,23.0,3003.0
Netherlands,24.0,3640.0
Netherlands,25.0,4217.0
Netherlands,26.0,4764.0
Netherlands,27.0,5580.0
Netherlands,28.0,6438.0
Netherlands,29.0,7468.0
Netherlands,30.0,8647.0
Netherlands,31.0,9819.0
Netherlands,32.0,10930.0
Netherlands,33.0,11817.0
Netherlands,34.0,12667.0
New Zealand,1.0,1.0
New Zealand,2.0,1.0
New Zealand,3.0,1.0
New Zealand,4.0,1.0
New Zealand,5.0,1.0
New Zealand,6.0,3.0
New Zealand,7.0,3.0
New Zealand,8.0,4.0
New Zealand,9.0,5.0
New Zealand,10.0,5.0
New Zealand,11.0,5.0
New Zealand,12.0,5.0
New Zealand,13.0,5.0
New Zealand,14.0,5.0
New Zealand,15.0,5.0
New Zealand,16.0,6.0
New Zealand,17.0,8.0
New Zealand,18.0,8.0
New Zealand,19.0,12.0
New Zealand,20.0,20.0
New Zealand,21.0,28.0
New Zealand,22.0,39.0
New Zealand,23.0,52.0
New Zealand,24.0,102.0
New Zealand,25.0,102.0
New Zealand,26.0,155.0
New Zealand,27.0,205.0
New Zealand,28.0,283.0
New Zealand,29.0,368.0
New Zealand,30.0,451.0
New Zealand,31.0,514.0
New Zealand,32.0,589.0
New Zealand,33.0,647.0
Nicaragua,1.0,1.0
Nicaragua,2.0,1.0
Nicaragua,3.0,2.0
Nicaragua,4.0,2.0
Nicaragua,5.0,2.0
Nicaragua,6.0,2.0
Nicaragua,7.0,2.0
Nicaragua,8.0,2.0
Nicaragua,9.0,2.0
Nicaragua,10.0,4.0
Nicaragua,11.0,4.0
Nicaragua,12.0,4.0
Nicaragua,13.0,5.0
Niger,1.0,1.0
Niger,2.0,1.0
Niger,3.0,2.0
Niger,4.0,3.0
Niger,5.0,3.0
Niger,6.0,7.0
Niger,7.0,10.0
Niger,8.0,10.0
Niger,9.0,10.0
Niger,10.0,18.0
Niger,11.0,27.0
Niger,12.0,27.0
Nigeria,1.0,1.0
Nigeria,2.0,1.0
Nigeria,3.0,1.0
Nigeria,4.0,1.0
Nigeria,5.0,1.0
Nigeria,6.0,1.0
Nigeria,7.0,1.0
Nigeria,8.0,1.0
Nigeria,9.0,1.0
Nigeria,10.0,1.0
Nigeria,11.0,2.0
Nigeria,12.0,2.0
Nigeria,13.0,2.0
Nigeria,14.0,2.0
Nigeria,15.0,2.0
Nigeria,16.0,2.0
Nigeria,17.0,2.0
Nigeria,18.0,2.0
Nigeria,19.0,3.0
Nigeria,20.0,8.0
Nigeria,21.0,8.0
Nigeria,22.0,12.0
Nigeria,23.0,22.0
Nigeria,24.0,30.0
Nigeria,25.0,40.0
Nigeria,26.0,44.0
Nigeria,27.0,51.0
Nigeria,28.0,65.0
Nigeria,29.0,70.0
Nigeria,30.0,89.0
Nigeria,31.0,111.0
Nigeria,32.0,131.0
Nigeria,33.0,135.0
North Macedonia,1.0,1.0
North Macedonia,2.0,1.0
North Macedonia,3.0,1.0
North Macedonia,4.0,1.0
North Macedonia,5.0,1.0
North Macedonia,6.0,1.0
North Macedonia,7.0,1.0
North Macedonia,8.0,1.0
North Macedonia,9.0,1.0
North Macedonia,10.0,3.0
North Macedonia,11.0,3.0
North Macedonia,12.0,3.0
North Macedonia,13.0,3.0
North Macedonia,14.0,7.0
North Macedonia,15.0,7.0
North Macedonia,16.0,7.0
North Macedonia,17.0,14.0
North Macedonia,18.0,14.0
North Macedonia,19.0,14.0
North Macedonia,20.0,18.0
North Macedonia,21.0,26.0
North Macedonia,22.0,35.0
North Macedonia,23.0,48.0
North Macedonia,24.0,67.0
North Macedonia,25.0,85.0
North Macedonia,26.0,115.0
North Macedonia,27.0,136.0
North Macedonia,28.0,148.0
North Macedonia,29.0,177.0
North Macedonia,30.0,201.0
North Macedonia,31.0,219.0
North Macedonia,32.0,241.0
North Macedonia,33.0,259.0
North Macedonia,34.0,285.0
North Macedonia,35.0,329.0
Norway,1.0,1.0
Norway,2.0,1.0
Norway,3.0,6.0
Norway,4.0,15.0
Norway,5.0,19.0
Norway,6.0,25.0
Norway,7.0,32.0
Norway,8.0,56.0
Norway,9.0,87.0
Norway,10.0,108.0
Norway,11.0,147.0
Norway,12.0,176.0
Norway,13.0,205.0
Norway,14.0,400.0
Norway,15.0,598.0
Norway,16.0,702.0
Norway,17.0,996.0
Norway,18.0,1090.0
Norway,19.0,1221.0
Norway,20.0,1333.0
Norway,21.0,1463.0
Norway,22.0,1550.0
Norway,23.0,1746.0
Norway,24.0,1914.0
Norway,25.0,2118.0
Norway,26.0,2385.0
Norway,27.0,2621.0
Norway,28.0,2863.0
Norway,29.0,3084.0
Norway,30.0,3369.0
Norway,31.0,3755.0
Norway,32.0,4015.0
Norway,33.0,4284.0
Norway,34.0,4445.0
Norway,35.0,4641.0
Oman,1.0,2.0
Oman,2.0,2.0
Oman,3.0,4.0
Oman,4.0,4.0
Oman,5.0,4.0
Oman,6.0,6.0
Oman,7.0,6.0
Oman,8.0,6.0
Oman,9.0,12.0
Oman,10.0,15.0
Oman,11.0,16.0
Oman,12.0,16.0
Oman,13.0,16.0
Oman,14.0,16.0
Oman,15.0,16.0
Oman,16.0,18.0
Oman,17.0,18.0
Oman,18.0,18.0
Oman,19.0,19.0
Oman,20.0,19.0
Oman,21.0,22.0
Oman,22.0,22.0
Oman,23.0,24.0
Oman,24.0,39.0
Oman,25.0,48.0
Oman,26.0,48.0
Oman,27.0,52.0
Oman,28.0,55.0
Oman,29.0,66.0
Oman,30.0,84.0
Oman,31.0,99.0
Oman,32.0,109.0
Oman,33.0,131.0
Oman,34.0,152.0
Oman,35.0,167.0
Oman,36.0,179.0
Oman,37.0,192.0
Pakistan,1.0,2.0
Pakistan,2.0,2.0
Pakistan,3.0,2.0
Pakistan,4.0,4.0
Pakistan,5.0,4.0
Pakistan,6.0,4.0
Pakistan,7.0,5.0
Pakistan,8.0,5.0
Pakistan,9.0,5.0
Pakistan,10.0,6.0
Pakistan,11.0,6.0
Pakistan,12.0,6.0
Pakistan,13.0,6.0
Pakistan,14.0,16.0
Pakistan,15.0,19.0
Pakistan,16.0,20.0
Pakistan,17.0,28.0
Pakistan,18.0,31.0
Pakistan,19.0,53.0
Pakistan,20.0,136.0
Pakistan,21.0,236.0
Pakistan,22.0,299.0
Pakistan,23.0,454.0
Pakistan,24.0,501.0
Pakistan,25.0,730.0
Pakistan,26.0,776.0
Pakistan,27.0,875.0
Pakistan,28.0,972.0
Pakistan,29.0,1063.0
Pakistan,30.0,1201.0
Pakistan,31.0,1373.0
Pakistan,32.0,1495.0
Pakistan,33.0,1597.0
Pakistan,34.0,1717.0
Pakistan,35.0,1938.0
Panama,1.0,1.0
Panama,2.0,8.0
Panama,3.0,11.0
Panama,4.0,27.0
Panama,5.0,36.0
Panama,6.0,43.0
Panama,7.0,55.0
Panama,8.0,69.0
Panama,9.0,86.0
Panama,10.0,109.0
Panama,11.0,137.0
Panama,12.0,200.0
Panama,13.0,313.0
Panama,14.0,345.0
Panama,15.0,345.0
Panama,16.0,443.0
Panama,17.0,558.0
Panama,18.0,674.0
Panama,19.0,786.0
Panama,20.0,901.0
Panama,21.0,989.0
Panama,22.0,1181.0
Papua New Guinea,1.0,1.0
Papua New Guinea,2.0,1.0
Papua New Guinea,3.0,1.0
Papua New Guinea,4.0,1.0
Papua New Guinea,5.0,1.0
Papua New Guinea,6.0,1.0
Papua New Guinea,7.0,1.0
Papua New Guinea,8.0,1.0
Papua New Guinea,9.0,1.0
Papua New Guinea,10.0,1.0
Papua New Guinea,11.0,1.0
Papua New Guinea,12.0,1.0
Paraguay,1.0,1.0
Paraguay,2.0,1.0
Paraguay,3.0,1.0
Paraguay,4.0,5.0
Paraguay,5.0,5.0
Paraguay,6.0,6.0
Paraguay,7.0,6.0
Paraguay,8.0,6.0
Paraguay,9.0,8.0
Paraguay,10.0,9.0
Paraguay,11.0,11.0
Paraguay,12.0,11.0
Paraguay,13.0,13.0
Paraguay,14.0,18.0
Paraguay,15.0,22.0
Paraguay,16.0,22.0
Paraguay,17.0,27.0
Paraguay,18.0,37.0
Paraguay,19.0,41.0
Paraguay,20.0,52.0
Paraguay,21.0,56.0
Paraguay,22.0,59.0
Paraguay,23.0,64.0
Paraguay,24.0,65.0
Peru,1.0,1.0
Peru,2.0,1.0
Peru,3.0,6.0
Peru,4.0,7.0
Peru,5.0,11.0
Peru,6.0,11.0
Peru,7.0,15.0
Peru,8.0,28.0
Peru,9.0,38.0
Peru,10.0,43.0
Peru,11.0,86.0
Peru,12.0,117.0
Peru,13.0,145.0
Peru,14.0,234.0
Peru,15.0,234.0
Peru,16.0,318.0
Peru,17.0,363.0
Peru,18.0,395.0
Peru,19.0,416.0
Peru,20.0,480.0
Peru,21.0,580.0
Peru,22.0,635.0
Peru,23.0,671.0
Peru,24.0,852.0
Peru,25.0,950.0
Peru,26.0,1065.0
Philippines,1.0,1.0
Philippines,2.0,1.0
Philippines,3.0,1.0
Philippines,4.0,2.0
Philippines,5.0,2.0
Philippines,6.0,2.0
Philippines,7.0,2.0
Philippines,8.0,2.0
Philippines,9.0,3.0
Philippines,10.0,3.0
Philippines,11.0,3.0
Philippines,12.0,3.0
Philippines,13.0,3.0
Philippines,14.0,3.0
Philippines,15.0,3.0
Philippines,16.0,3.0
Philippines,17.0,3.0
Philippines,18.0,3.0
Philippines,19.0,3.0
Philippines,20.0,3.0
Philippines,21.0,3.0
Philippines,22.0,3.0
Philippines,23.0,3.0
Philippines,24.0,3.0
Philippines,25.0,3.0
Philippines,26.0,3.0
Philippines,27.0,3.0
Philippines,28.0,3.0
Philippines,29.0,3.0
Philippines,30.0,3.0
Philippines,31.0,3.0
Philippines,32.0,3.0
Philippines,33.0,3.0
Philippines,34.0,3.0
Philippines,35.0,3.0
Philippines,36.0,3.0
Philippines,37.0,5.0
Philippines,38.0,6.0
Philippines,39.0,10.0
Philippines,40.0,20.0
Philippines,41.0,33.0
Philippines,42.0,49.0
Philippines,43.0,52.0
Philippines,44.0,64.0
Philippines,45.0,111.0
Philippines,46.0,140.0
Philippines,47.0,142.0
Philippines,48.0,187.0
Philippines,49.0,202.0
Philippines,50.0,217.0
Philippines,51.0,230.0
Philippines,52.0,307.0
Philippines,53.0,380.0
Philippines,54.0,462.0
Philippines,55.0,552.0
Philippines,56.0,636.0
Philippines,57.0,707.0
Philippines,58.0,803.0
Philippines,59.0,1075.0
Philippines,60.0,1418.0
Philippines,61.0,1546.0
Philippines,62.0,2084.0
Poland,1.0,1.0
Poland,2.0,1.0
Poland,3.0,5.0
Poland,4.0,5.0
Poland,5.0,11.0
Poland,6.0,16.0
Poland,7.0,22.0
Poland,8.0,31.0
Poland,9.0,49.0
Poland,10.0,68.0
Poland,11.0,103.0
Poland,12.0,119.0
Poland,13.0,177.0
Poland,14.0,238.0
Poland,15.0,251.0
Poland,16.0,355.0
Poland,17.0,425.0
Poland,18.0,536.0
Poland,19.0,634.0
Poland,20.0,749.0
Poland,21.0,901.0
Poland,22.0,1051.0
Poland,23.0,1221.0
Poland,24.0,1389.0
Poland,25.0,1638.0
Poland,26.0,1862.0
Poland,27.0,2055.0
Poland,28.0,2311.0
Portugal,1.0,2.0
Portugal,2.0,2.0
Portugal,3.0,5.0
Portugal,4.0,8.0
Portugal,5.0,13.0
Portugal,6.0,20.0
Portugal,7.0,30.0
Portugal,8.0,30.0
Portugal,9.0,41.0
Portugal,10.0,59.0
Portugal,11.0,59.0
Portugal,12.0,112.0
Portugal,13.0,169.0
Portugal,14.0,245.0
Portugal,15.0,331.0
Portugal,16.0,448.0
Portugal,17.0,448.0
Portugal,18.0,785.0
Portugal,19.0,1020.0
Portugal,20.0,1280.0
Portugal,21.0,1600.0
Portugal,22.0,2060.0
Portugal,23.0,2362.0
Portugal,24.0,2995.0
Portugal,25.0,3544.0
Portugal,26.0,4268.0
Portugal,27.0,5170.0
Portugal,28.0,5962.0
Portugal,29.0,6408.0
Portugal,30.0,7443.0
Qatar,1.0,1.0
Qatar,2.0,3.0
Qatar,3.0,3.0
Qatar,4.0,7.0
Qatar,5.0,8.0
Qatar,6.0,8.0
Qatar,7.0,8.0
Qatar,8.0,8.0
Qatar,9.0,15.0
Qatar,10.0,18.0
Qatar,11.0,24.0
Qatar,12.0,262.0
Qatar,13.0,262.0
Qatar,14.0,320.0
Qatar,15.0,337.0
Qatar,16.0,401.0
Qatar,17.0,439.0
Qatar,18.0,439.0
Qatar,19.0,452.0
Qatar,20.0,460.0
Qatar,21.0,470.0
Qatar,22.0,481.0
Qatar,23.0,494.0
Qatar,24.0,501.0
Qatar,25.0,526.0
Qatar,26.0,537.0
Qatar,27.0,549.0
Qatar,28.0,562.0
Qatar,29.0,590.0
Qatar,30.0,634.0
Qatar,31.0,693.0
Qatar,32.0,781.0
Romania,1.0,1.0
Romania,2.0,1.0
Romania,3.0,3.0
Romania,4.0,3.0
Romania,5.0,3.0
Romania,6.0,3.0
Romania,7.0,3.0
Romania,8.0,4.0
Romania,9.0,6.0
Romania,10.0,9.0
Romania,11.0,9.0
Romania,12.0,15.0
Romania,13.0,15.0
Romania,14.0,25.0
Romania,15.0,45.0
Romania,16.0,49.0
Romania,17.0,89.0
Romania,18.0,123.0
Romania,19.0,131.0
Romania,20.0,158.0
Romania,21.0,184.0
Romania,22.0,260.0
Romania,23.0,277.0
Romania,24.0,308.0
Romania,25.0,367.0
Romania,26.0,433.0
Romania,27.0,576.0
Romania,28.0,794.0
Romania,29.0,906.0
Romania,30.0,1029.0
Romania,31.0,1292.0
Romania,32.0,1452.0
Romania,33.0,1815.0
Romania,34.0,2109.0
Romania,35.0,2245.0
Russia,1.0,2.0
Russia,2.0,2.0
Russia,3.0,2.0
Russia,4.0,2.0
Russia,5.0,2.0
Russia,6.0,2.0
Russia,7.0,2.0
Russia,8.0,2.0
Russia,9.0,2.0
Russia,10.0,2.0
Russia,11.0,2.0
Russia,12.0,2.0
Russia,13.0,2.0
Russia,14.0,2.0
Russia,15.0,2.0
Russia,16.0,2.0
Russia,17.0,2.0
Russia,18.0,2.0
Russia,19.0,2.0
Russia,20.0,2.0
Russia,21.0,2.0
Russia,22.0,2.0
Russia,23.0,2.0
Russia,24.0,2.0
Russia,25.0,2.0
Russia,26.0,2.0
Russia,27.0,2.0
Russia,28.0,2.0
Russia,29.0,2.0
Russia,30.0,2.0
Russia,31.0,2.0
Russia,32.0,3.0
Russia,33.0,3.0
Russia,34.0,3.0
Russia,35.0,4.0
Russia,36.0,13.0
Russia,37.0,13.0
Russia,38.0,17.0
Russia,39.0,17.0
Russia,40.0,20.0
Russia,41.0,20.0
Russia,42.0,28.0
Russia,43.0,45.0
Russia,44.0,59.0
Russia,45.0,63.0
Russia,46.0,90.0
Russia,47.0,114.0
Russia,48.0,147.0
Russia,49.0,199.0
Russia,50.0,253.0
Russia,51.0,306.0
Russia,52.0,367.0
Russia,53.0,438.0
Russia,54.0,495.0
Russia,55.0,658.0
Russia,56.0,840.0
Russia,57.0,1036.0
Russia,58.0,1264.0
Russia,59.0,1534.0
Russia,60.0,1836.0
Russia,61.0,2337.0
Rwanda,1.0,1.0
Rwanda,2.0,1.0
Rwanda,3.0,5.0
Rwanda,4.0,7.0
Rwanda,5.0,8.0
Rwanda,6.0,8.0
Rwanda,7.0,17.0
Rwanda,8.0,17.0
Rwanda,9.0,19.0
Rwanda,10.0,36.0
Rwanda,11.0,40.0
Rwanda,12.0,41.0
Rwanda,13.0,50.0
Rwanda,14.0,54.0
Rwanda,15.0,60.0
Rwanda,16.0,70.0
Rwanda,17.0,70.0
Rwanda,18.0,75.0
Saint Kitts and Nevis,1.0,2.0
Saint Kitts and Nevis,2.0,2.0
Saint Kitts and Nevis,3.0,2.0
Saint Kitts and Nevis,4.0,2.0
Saint Kitts and Nevis,5.0,2.0
Saint Kitts and Nevis,6.0,7.0
Saint Kitts and Nevis,7.0,8.0
Saint Lucia,1.0,1.0
Saint Lucia,2.0,2.0
Saint Lucia,3.0,2.0
Saint Lucia,4.0,2.0
Saint Lucia,5.0,2.0
Saint Lucia,6.0,2.0
Saint Lucia,7.0,2.0
Saint Lucia,8.0,2.0
Saint Lucia,9.0,2.0
Saint Lucia,10.0,3.0
Saint Lucia,11.0,3.0
Saint Lucia,12.0,3.0
Saint Lucia,13.0,3.0
Saint Lucia,14.0,3.0
Saint Lucia,15.0,3.0
Saint Lucia,16.0,9.0
Saint Lucia,17.0,9.0
Saint Lucia,18.0,13.0
Saint Vincent and the Grenadines,1.0,1.0
Saint Vincent and the Grenadines,2.0,1.0
Saint Vincent and the Grenadines,3.0,1.0
Saint Vincent and the Grenadines,4.0,1.0
Saint Vincent and the Grenadines,5.0,1.0
Saint Vincent and the Grenadines,6.0,1.0
Saint Vincent and the Grenadines,7.0,1.0
Saint Vincent and the Grenadines,8.0,1.0
Saint Vincent and the Grenadines,9.0,1.0
Saint Vincent and the Grenadines,10.0,1.0
Saint Vincent and the Grenadines,11.0,1.0
Saint Vincent and the Grenadines,12.0,1.0
Saint Vincent and the Grenadines,13.0,1.0
Saint Vincent and the Grenadines,14.0,1.0
Saint Vincent and the Grenadines,15.0,1.0
Saint Vincent and the Grenadines,16.0,1.0
Saint Vincent and the Grenadines,17.0,1.0
Saint Vincent and the Grenadines,18.0,1.0
San Marino,1.0,1.0
San Marino,2.0,1.0
San Marino,3.0,1.0
San Marino,4.0,1.0
San Marino,5.0,8.0
San Marino,6.0,10.0
San Marino,7.0,16.0
San Marino,8.0,21.0
San Marino,9.0,21.0
San Marino,10.0,23.0
San Marino,11.0,36.0
San Marino,12.0,36.0
San Marino,13.0,51.0
San Marino,14.0,62.0
San Marino,15.0,69.0
San Marino,16.0,80.0
San Marino,17.0,80.0
San Marino,18.0,101.0
San Marino,19.0,109.0
San Marino,20.0,109.0
San Marino,21.0,119.0
San Marino,22.0,119.0
San Marino,23.0,144.0
San Marino,24.0,144.0
San Marino,25.0,175.0
San Marino,26.0,187.0
San Marino,27.0,187.0
San Marino,28.0,208.0
San Marino,29.0,208.0
San Marino,30.0,223.0
San Marino,31.0,224.0
San Marino,32.0,224.0
San Marino,33.0,230.0
San Marino,34.0,236.0
Saudi Arabia,1.0,1.0
Saudi Arabia,2.0,1.0
Saudi Arabia,3.0,1.0
Saudi Arabia,4.0,5.0
Saudi Arabia,5.0,5.0
Saudi Arabia,6.0,5.0
Saudi Arabia,7.0,11.0
Saudi Arabia,8.0,15.0
Saudi Arabia,9.0,20.0
Saudi Arabia,10.0,21.0
Saudi Arabia,11.0,45.0
Saudi Arabia,12.0,86.0
Saudi Arabia,13.0,103.0
Saudi Arabia,14.0,103.0
Saudi Arabia,15.0,118.0
Saudi Arabia,16.0,171.0
Saudi Arabia,17.0,171.0
Saudi Arabia,18.0,274.0
Saudi Arabia,19.0,344.0
Saudi Arabia,20.0,392.0
Saudi Arabia,21.0,511.0
Saudi Arabia,22.0,562.0
Saudi Arabia,23.0,767.0
Saudi Arabia,24.0,900.0
Saudi Arabia,25.0,1012.0
Saudi Arabia,26.0,1104.0
Saudi Arabia,27.0,1203.0
Saudi Arabia,28.0,1299.0
Saudi Arabia,29.0,1453.0
Saudi Arabia,30.0,1563.0
Senegal,1.0,1.0
Senegal,2.0,2.0
Senegal,3.0,4.0
Senegal,4.0,4.0
Senegal,5.0,4.0
Senegal,6.0,4.0
Senegal,7.0,4.0
Senegal,8.0,4.0
Senegal,9.0,4.0
Senegal,10.0,4.0
Senegal,11.0,4.0
Senegal,12.0,10.0
Senegal,13.0,10.0
Senegal,14.0,24.0
Senegal,15.0,24.0
Senegal,16.0,26.0
Senegal,17.0,31.0
Senegal,18.0,31.0
Senegal,19.0,38.0
Senegal,20.0,47.0
Senegal,21.0,67.0
Senegal,22.0,79.0
Senegal,23.0,86.0
Senegal,24.0,99.0
Senegal,25.0,105.0
Senegal,26.0,119.0
Senegal,27.0,130.0
Senegal,28.0,142.0
Senegal,29.0,162.0
Senegal,30.0,175.0
Serbia,1.0,1.0
Serbia,2.0,1.0
Serbia,3.0,1.0
Serbia,4.0,1.0
Serbia,5.0,5.0
Serbia,6.0,12.0
Serbia,7.0,19.0
Serbia,8.0,35.0
Serbia,9.0,46.0
Serbia,10.0,48.0
Serbia,11.0,55.0
Serbia,12.0,65.0
Serbia,13.0,83.0
Serbia,14.0,103.0
Serbia,15.0,135.0
Serbia,16.0,171.0
Serbia,17.0,222.0
Serbia,18.0,249.0
Serbia,19.0,303.0
Serbia,20.0,384.0
Serbia,21.0,384.0
Serbia,22.0,457.0
Serbia,23.0,659.0
Serbia,24.0,741.0
Serbia,25.0,785.0
Serbia,26.0,900.0
Seychelles,1.0,2.0
Seychelles,2.0,2.0
Seychelles,3.0,3.0
Seychelles,4.0,4.0
Seychelles,5.0,4.0
Seychelles,6.0,6.0
Seychelles,7.0,7.0
Seychelles,8.0,7.0
Seychelles,9.0,7.0
Seychelles,10.0,7.0
Seychelles,11.0,7.0
Seychelles,12.0,7.0
Seychelles,13.0,7.0
Seychelles,14.0,7.0
Seychelles,15.0,8.0
Seychelles,16.0,8.0
Seychelles,17.0,8.0
Seychelles,18.0,10.0
Sierra Leone,1.0,1.0
Singapore,1.0,1.0
Singapore,2.0,3.0
Singapore,3.0,3.0
Singapore,4.0,4.0
Singapore,5.0,5.0
Singapore,6.0,7.0
Singapore,7.0,7.0
Singapore,8.0,10.0
Singapore,9.0,13.0
Singapore,10.0,16.0
Singapore,11.0,18.0
Singapore,12.0,18.0
Singapore,13.0,24.0
Singapore,14.0,28.0
Singapore,15.0,28.0
Singapore,16.0,30.0
Singapore,17.0,33.0
Singapore,18.0,40.0
Singapore,19.0,45.0
Singapore,20.0,47.0
Singapore,21.0,50.0
Singapore,22.0,58.0
Singapore,23.0,67.0
Singapore,24.0,72.0
Singapore,25.0,75.0
Singapore,26.0,77.0
Singapore,27.0,81.0
Singapore,28.0,84.0
Singapore,29.0,84.0
Singapore,30.0,85.0
Singapore,31.0,85.0
Singapore,32.0,89.0
Singapore,33.0,89.0
Singapore,34.0,91.0
Singapore,35.0,93.0
Singapore,36.0,93.0
Singapore,37.0,93.0
Singapore,38.0,102.0
Singapore,39.0,106.0
Singapore,40.0,108.0
Singapore,41.0,110.0
Singapore,42.0,110.0
Singapore,43.0,117.0
Singapore,44.0,130.0
Singapore,45.0,138.0
Singapore,46.0,150.0
Singapore,47.0,150.0
Singapore,48.0,160.0
Singapore,49.0,178.0
Singapore,50.0,178.0
Singapore,51.0,200.0
Singapore,52.0,212.0
Singapore,53.0,226.0
Singapore,54.0,243.0
Singapore,55.0,266.0
Singapore,56.0,313.0
Singapore,57.0,345.0
Singapore,58.0,385.0
Singapore,59.0,432.0
Singapore,60.0,455.0
Singapore,61.0,509.0
Singapore,62.0,558.0
Singapore,63.0,631.0
Singapore,64.0,683.0
Singapore,65.0,732.0
Singapore,66.0,802.0
Singapore,67.0,844.0
Singapore,68.0,879.0
Singapore,69.0,926.0
Slovakia,1.0,1.0
Slovakia,2.0,1.0
Slovakia,3.0,3.0
Slovakia,4.0,3.0
Slovakia,5.0,7.0
Slovakia,6.0,10.0
Slovakia,7.0,16.0
Slovakia,8.0,32.0
Slovakia,9.0,44.0
Slovakia,10.0,54.0
Slovakia,11.0,63.0
Slovakia,12.0,72.0
Slovakia,13.0,105.0
Slovakia,14.0,123.0
Slovakia,15.0,137.0
Slovakia,16.0,178.0
Slovakia,17.0,185.0
Slovakia,18.0,186.0
Slovakia,19.0,204.0
Slovakia,20.0,216.0
Slovakia,21.0,226.0
Slovakia,22.0,269.0
Slovakia,23.0,292.0
Slovakia,24.0,314.0
Slovakia,25.0,336.0
Slovakia,26.0,363.0
Slovenia,1.0,2.0
Slovenia,2.0,7.0
Slovenia,3.0,7.0
Slovenia,4.0,16.0
Slovenia,5.0,16.0
Slovenia,6.0,31.0
Slovenia,7.0,57.0
Slovenia,8.0,89.0
Slovenia,9.0,141.0
Slovenia,10.0,181.0
Slovenia,11.0,219.0
Slovenia,12.0,253.0
Slovenia,13.0,275.0
Slovenia,14.0,275.0
Slovenia,15.0,286.0
Slovenia,16.0,341.0
Slovenia,17.0,383.0
Slovenia,18.0,414.0
Slovenia,19.0,442.0
Slovenia,20.0,480.0
Slovenia,21.0,528.0
Slovenia,22.0,562.0
Slovenia,23.0,632.0
Slovenia,24.0,684.0
Slovenia,25.0,730.0
Slovenia,26.0,756.0
Slovenia,27.0,802.0
Somalia,1.0,1.0
Somalia,2.0,1.0
Somalia,3.0,1.0
Somalia,4.0,1.0
Somalia,5.0,1.0
Somalia,6.0,1.0
Somalia,7.0,1.0
Somalia,8.0,1.0
Somalia,9.0,1.0
Somalia,10.0,1.0
Somalia,11.0,2.0
Somalia,12.0,3.0
Somalia,13.0,3.0
Somalia,14.0,3.0
Somalia,15.0,3.0
Somalia,16.0,5.0
South Africa,1.0,1.0
South Africa,2.0,1.0
South Africa,3.0,1.0
South Africa,4.0,3.0
South Africa,5.0,3.0
South Africa,6.0,7.0
South Africa,7.0,13.0
South Africa,8.0,17.0
South Africa,9.0,24.0
South Africa,10.0,38.0
South Africa,11.0,51.0
South Africa,12.0,62.0
South Africa,13.0,62.0
South Africa,14.0,116.0
South Africa,15.0,150.0
South Africa,16.0,202.0
South Africa,17.0,240.0
South Africa,18.0,274.0
South Africa,19.0,402.0
South Africa,20.0,554.0
South Africa,21.0,709.0
South Africa,22.0,927.0
South Africa,23.0,1170.0
South Africa,24.0,1187.0
South Africa,25.0,1280.0
South Africa,26.0,1326.0
South Africa,27.0,1353.0
Spain,1.0,1.0
Spain,2.0,1.0
Spain,3.0,1.0
Spain,4.0,1.0
Spain,5.0,1.0
Spain,6.0,1.0
Spain,7.0,1.0
Spain,8.0,1.0
Spain,9.0,2.0
Spain,10.0,2.0
Spain,11.0,2.0
Spain,12.0,2.0
Spain,13.0,2.0
Spain,14.0,2.0
Spain,15.0,2.0
Spain,16.0,2.0
Spain,17.0,2.0
Spain,18.0,2.0
Spain,19.0,2.0
Spain,20.0,2.0
Spain,21.0,2.0
Spain,22.0,2.0
Spain,23.0,2.0
Spain,24.0,2.0
Spain,25.0,6.0
Spain,26.0,13.0
Spain,27.0,15.0
Spain,28.0,32.0
Spain,29.0,45.0
Spain,30.0,84.0
Spain,31.0,120.0
Spain,32.0,165.0
Spain,33.0,222.0
Spain,34.0,259.0
Spain,35.0,400.0
Spain,36.0,500.0
Spain,37.0,673.0
Spain,38.0,1073.0
Spain,39.0,1695.0
Spain,40.0,2277.0
Spain,41.0,2277.0
Spain,42.0,5232.0
Spain,43.0,6391.0
Spain,44.0,7798.0
Spain,45.0,9942.0
Spain,46.0,11748.0
Spain,47.0,13910.0
Spain,48.0,17963.0
Spain,49.0,20410.0
Spain,50.0,25374.0
Spain,51.0,28768.0
Spain,52.0,35136.0
Spain,53.0,39885.0
Spain,54.0,49515.0
Spain,55.0,57786.0
Spain,56.0,65719.0
Spain,57.0,73235.0
Spain,58.0,80110.0
Spain,59.0,87956.0
Spain,60.0,95923.0
Sri Lanka,1.0,1.0
Sri Lanka,2.0,1.0
Sri Lanka,3.0,1.0
Sri Lanka,4.0,1.0
Sri Lanka,5.0,1.0
Sri Lanka,6.0,1.0
Sri Lanka,7.0,1.0
Sri Lanka,8.0,1.0
Sri Lanka,9.0,1.0
Sri Lanka,10.0,1.0
Sri Lanka,11.0,1.0
Sri Lanka,12.0,1.0
Sri Lanka,13.0,1.0
Sri Lanka,14.0,1.0
Sri Lanka,15.0,1.0
Sri Lanka,16.0,1.0
Sri Lanka,17.0,1.0
Sri Lanka,18.0,1.0
Sri Lanka,19.0,1.0
Sri Lanka,20.0,1.0
Sri Lanka,21.0,1.0
Sri Lanka,22.0,1.0
Sri Lanka,23.0,1.0
Sri Lanka,24.0,1.0
Sri Lanka,25.0,1.0
Sri Lanka,26.0,1.0
Sri Lanka,27.0,1.0
Sri Lanka,28.0,1.0
Sri Lanka,29.0,1.0
Sri Lanka,30.0,1.0
Sri Lanka,31.0,1.0
Sri Lanka,32.0,1.0
Sri Lanka,33.0,1.0
Sri Lanka,34.0,1.0
Sri Lanka,35.0,1.0
Sri Lanka,36.0,1.0
Sri Lanka,37.0,1.0
Sri Lanka,38.0,1.0
Sri Lanka,39.0,1.0
Sri Lanka,40.0,1.0
Sri Lanka,41.0,1.0
Sri Lanka,42.0,1.0
Sri Lanka,43.0,1.0
Sri Lanka,44.0,1.0
Sri Lanka,45.0,2.0
Sri Lanka,46.0,2.0
Sri Lanka,47.0,6.0
Sri Lanka,48.0,10.0
Sri Lanka,49.0,18.0
Sri Lanka,50.0,28.0
Sri Lanka,51.0,44.0
Sri Lanka,52.0,51.0
Sri Lanka,53.0,60.0
Sri Lanka,54.0,73.0
Sri Lanka,55.0,77.0
Sri Lanka,56.0,82.0
Sri Lanka,57.0,97.0
Sri Lanka,58.0,102.0
Sri Lanka,59.0,102.0
Sri Lanka,60.0,106.0
Sri Lanka,61.0,106.0
Sri Lanka,62.0,113.0
Sri Lanka,63.0,117.0
Sri Lanka,64.0,122.0
Sri Lanka,65.0,143.0
Sudan,1.0,1.0
Sudan,2.0,1.0
Sudan,3.0,1.0
Sudan,4.0,1.0
Sudan,5.0,1.0
Sudan,6.0,2.0
Sudan,7.0,2.0
Sudan,8.0,2.0
Sudan,9.0,2.0
Sudan,10.0,2.0
Sudan,11.0,2.0
Sudan,12.0,3.0
Sudan,13.0,3.0
Sudan,14.0,3.0
Sudan,15.0,3.0
Sudan,16.0,5.0
Sudan,17.0,6.0
Sudan,18.0,6.0
Sudan,19.0,7.0
Suriname,1.0,1.0
Suriname,2.0,1.0
Suriname,3.0,1.0
Suriname,4.0,1.0
Suriname,5.0,1.0
Suriname,6.0,1.0
Suriname,7.0,4.0
Suriname,8.0,4.0
Suriname,9.0,5.0
Suriname,10.0,5.0
Suriname,11.0,7.0
Suriname,12.0,8.0
Suriname,13.0,8.0
Suriname,14.0,8.0
Suriname,15.0,8.0
Suriname,16.0,8.0
Suriname,17.0,8.0
Suriname,18.0,9.0
Sweden,1.0,1.0
Sweden,2.0,1.0
Sweden,3.0,1.0
Sweden,4.0,1.0
Sweden,5.0,1.0
Sweden,6.0,1.0
Sweden,7.0,1.0
Sweden,8.0,1.0
Sweden,9.0,1.0
Sweden,10.0,1.0
Sweden,11.0,1.0
Sweden,12.0,1.0
Sweden,13.0,1.0
Sweden,14.0,1.0
Sweden,15.0,1.0
Sweden,16.0,1.0
Sweden,17.0,1.0
Sweden,18.0,1.0
Sweden,19.0,1.0
Sweden,20.0,1.0
Sweden,21.0,1.0
Sweden,22.0,1.0
Sweden,23.0,1.0
Sweden,24.0,1.0
Sweden,25.0,1.0
Sweden,26.0,1.0
Sweden,27.0,2.0
Sweden,28.0,7.0
Sweden,29.0,7.0
Sweden,30.0,12.0
Sweden,31.0,14.0
Sweden,32.0,15.0
Sweden,33.0,21.0
Sweden,34.0,35.0
Sweden,35.0,94.0
Sweden,36.0,101.0
Sweden,37.0,161.0
Sweden,38.0,203.0
Sweden,39.0,248.0
Sweden,40.0,355.0
Sweden,41.0,500.0
Sweden,42.0,599.0
Sweden,43.0,814.0
Sweden,44.0,961.0
Sweden,45.0,1022.0
Sweden,46.0,1103.0
Sweden,47.0,1190.0
Sweden,48.0,1279.0
Sweden,49.0,1439.0
Sweden,50.0,1639.0
Sweden,51.0,1763.0
Sweden,52.0,1934.0
Sweden,53.0,2046.0
Sweden,54.0,2286.0
Sweden,55.0,2526.0
Sweden,56.0,2840.0
Sweden,57.0,3069.0
Sweden,58.0,3447.0
Sweden,59.0,3700.0
Sweden,60.0,4028.0
Sweden,61.0,4435.0
Switzerland,1.0,1.0
Switzerland,2.0,1.0
Switzerland,3.0,8.0
Switzerland,4.0,8.0
Switzerland,5.0,18.0
Switzerland,6.0,27.0
Switzerland,7.0,42.0
Switzerland,8.0,56.0
Switzerland,9.0,90.0
Switzerland,10.0,114.0
Switzerland,11.0,214.0
Switzerland,12.0,268.0
Switzerland,13.0,337.0
Switzerland,14.0,374.0
Switzerland,15.0,491.0
Switzerland,16.0,652.0
Switzerland,17.0,652.0
Switzerland,18.0,1139.0
Switzerland,19.0,1359.0
Switzerland,20.0,2200.0
Switzerland,21.0,2200.0
Switzerland,22.0,2700.0
Switzerland,23.0,3028.0
Switzerland,24.0,4075.0
Switzerland,25.0,5294.0
Switzerland,26.0,6575.0
Switzerland,27.0,7474.0
Switzerland,28.0,8795.0
Switzerland,29.0,9877.0
Switzerland,30.0,10897.0
Switzerland,31.0,11811.0
Switzerland,32.0,12928.0
Switzerland,33.0,14076.0
Switzerland,34.0,14829.0
Switzerland,35.0,15922.0
Switzerland,36.0,16605.0
Syria,1.0,1.0
Syria,2.0,1.0
Syria,3.0,1.0
Syria,4.0,5.0
Syria,5.0,5.0
Syria,6.0,5.0
Syria,7.0,5.0
Syria,8.0,9.0
Syria,9.0,10.0
Syria,10.0,10.0
Taiwan*,1.0,1.0
Taiwan*,2.0,1.0
Taiwan*,3.0,3.0
Taiwan*,4.0,3.0
Taiwan*,5.0,4.0
Taiwan*,6.0,5.0
Taiwan*,7.0,8.0
Taiwan*,8.0,8.0
Taiwan*,9.0,9.0
Taiwan*,10.0,10.0
Taiwan*,11.0,10.0
Taiwan*,12.0,10.0
Taiwan*,13.0,10.0
Taiwan*,14.0,11.0
Taiwan*,15.0,11.0
Taiwan*,16.0,16.0
Taiwan*,17.0,16.0
Taiwan*,18.0,17.0
Taiwan*,19.0,18.0
Taiwan*,20.0,18.0
Taiwan*,21.0,18.0
Taiwan*,22.0,18.0
Taiwan*,23.0,18.0
Taiwan*,24.0,18.0
Taiwan*,25.0,18.0
Taiwan*,26.0,20.0
Taiwan*,27.0,22.0
Taiwan*,28.0,22.0
Taiwan*,29.0,23.0
Taiwan*,30.0,24.0
Taiwan*,31.0,26.0
Taiwan*,32.0,26.0
Taiwan*,33.0,28.0
Taiwan*,34.0,30.0
Taiwan*,35.0,31.0
Taiwan*,36.0,32.0
Taiwan*,37.0,32.0
Taiwan*,38.0,34.0
Taiwan*,39.0,39.0
Taiwan*,40.0,40.0
Taiwan*,41.0,41.0
Taiwan*,42.0,42.0
Taiwan*,43.0,42.0
Taiwan*,44.0,44.0
Taiwan*,45.0,45.0
Taiwan*,46.0,45.0
Taiwan*,47.0,45.0
Taiwan*,48.0,45.0
Taiwan*,49.0,47.0
Taiwan*,50.0,48.0
Taiwan*,51.0,49.0
Taiwan*,52.0,50.0
Taiwan*,53.0,53.0
Taiwan*,54.0,59.0
Taiwan*,55.0,67.0
Taiwan*,56.0,77.0
Taiwan*,57.0,100.0
Taiwan*,58.0,108.0
Taiwan*,59.0,135.0
Taiwan*,60.0,153.0
Taiwan*,61.0,169.0
Taiwan*,62.0,195.0
Taiwan*,63.0,215.0
Taiwan*,64.0,235.0
Taiwan*,65.0,252.0
Taiwan*,66.0,267.0
Taiwan*,67.0,283.0
Taiwan*,68.0,298.0
Taiwan*,69.0,306.0
Taiwan*,70.0,322.0
Tanzania,1.0,1.0
Tanzania,2.0,1.0
Tanzania,3.0,3.0
Tanzania,4.0,6.0
Tanzania,5.0,6.0
Tanzania,6.0,6.0
Tanzania,7.0,12.0
Tanzania,8.0,12.0
Tanzania,9.0,12.0
Tanzania,10.0,12.0
Tanzania,11.0,13.0
Tanzania,12.0,13.0
Tanzania,13.0,14.0
Tanzania,14.0,14.0
Tanzania,15.0,19.0
Tanzania,16.0,19.0
Thailand,1.0,2.0
Thailand,2.0,3.0
Thailand,3.0,5.0
Thailand,4.0,7.0
Thailand,5.0,8.0
Thailand,6.0,8.0
Thailand,7.0,14.0
Thailand,8.0,14.0
Thailand,9.0,14.0
Thailand,10.0,19.0
Thailand,11.0,19.0
Thailand,12.0,19.0
Thailand,13.0,19.0
Thailand,14.0,25.0
Thailand,15.0,25.0
Thailand,16.0,25.0
Thailand,17.0,25.0
Thailand,18.0,32.0
Thailand,19.0,32.0
Thailand,20.0,32.0
Thailand,21.0,33.0
Thailand,22.0,33.0
Thailand,23.0,33.0
Thailand,24.0,33.0
Thailand,25.0,33.0
Thailand,26.0,34.0
Thailand,27.0,35.0
Thailand,28.0,35.0
Thailand,29.0,35.0
Thailand,30.0,35.0
Thailand,31.0,35.0
Thailand,32.0,35.0
Thailand,33.0,35.0
Thailand,34.0,35.0
Thailand,35.0,37.0
Thailand,36.0,40.0
Thailand,37.0,40.0
Thailand,38.0,41.0
Thailand,39.0,42.0
Thailand,40.0,42.0
Thailand,41.0,43.0
Thailand,42.0,43.0
Thailand,43.0,43.0
Thailand,44.0,47.0
Thailand,45.0,48.0
Thailand,46.0,50.0
Thailand,47.0,50.0
Thailand,48.0,50.0
Thailand,49.0,53.0
Thailand,50.0,59.0
Thailand,51.0,70.0
Thailand,52.0,75.0
Thailand,53.0,82.0
Thailand,54.0,114.0
Thailand,55.0,147.0
Thailand,56.0,177.0
Thailand,57.0,212.0
Thailand,58.0,272.0
Thailand,59.0,322.0
Thailand,60.0,411.0
Thailand,61.0,599.0
Thailand,62.0,721.0
Thailand,63.0,827.0
Thailand,64.0,934.0
Thailand,65.0,1045.0
Thailand,66.0,1136.0
Thailand,67.0,1245.0
Thailand,68.0,1388.0
Thailand,69.0,1524.0
Thailand,70.0,1651.0
Timor-Leste,1.0,1.0
Timor-Leste,2.0,1.0
Timor-Leste,3.0,1.0
Timor-Leste,4.0,1.0
Timor-Leste,5.0,1.0
Timor-Leste,6.0,1.0
Timor-Leste,7.0,1.0
Timor-Leste,8.0,1.0
Timor-Leste,9.0,1.0
Timor-Leste,10.0,1.0
Togo,1.0,1.0
Togo,2.0,1.0
Togo,3.0,1.0
Togo,4.0,1.0
Togo,5.0,1.0
Togo,6.0,1.0
Togo,7.0,1.0
Togo,8.0,1.0
Togo,9.0,1.0
Togo,10.0,1.0
Togo,11.0,1.0
Togo,12.0,1.0
Togo,13.0,1.0
Togo,14.0,1.0
Togo,15.0,9.0
Togo,16.0,16.0
Togo,17.0,16.0
Togo,18.0,18.0
Togo,19.0,20.0
Togo,20.0,23.0
Togo,21.0,23.0
Togo,22.0,25.0
Togo,23.0,25.0
Togo,24.0,25.0
Togo,25.0,30.0
Togo,26.0,34.0
Trinidad and Tobago,1.0,2.0
Trinidad and Tobago,2.0,2.0
Trinidad and Tobago,3.0,4.0
Trinidad and Tobago,4.0,5.0
Trinidad and Tobago,5.0,7.0
Trinidad and Tobago,6.0,9.0
Trinidad and Tobago,7.0,9.0
Trinidad and Tobago,8.0,49.0
Trinidad and Tobago,9.0,50.0
Trinidad and Tobago,10.0,51.0
Trinidad and Tobago,11.0,57.0
Trinidad and Tobago,12.0,60.0
Trinidad and Tobago,13.0,65.0
Trinidad and Tobago,14.0,66.0
Trinidad and Tobago,15.0,74.0
Trinidad and Tobago,16.0,78.0
Trinidad and Tobago,17.0,82.0
Trinidad and Tobago,18.0,87.0
Tunisia,1.0,1.0
Tunisia,2.0,1.0
Tunisia,3.0,1.0
Tunisia,4.0,1.0
Tunisia,5.0,2.0
Tunisia,6.0,2.0
Tunisia,7.0,5.0
Tunisia,8.0,7.0
Tunisia,9.0,7.0
Tunisia,10.0,16.0
Tunisia,11.0,18.0
Tunisia,12.0,18.0
Tunisia,13.0,20.0
Tunisia,14.0,24.0
Tunisia,15.0,29.0
Tunisia,16.0,39.0
Tunisia,17.0,54.0
Tunisia,18.0,60.0
Tunisia,19.0,75.0
Tunisia,20.0,89.0
Tunisia,21.0,114.0
Tunisia,22.0,173.0
Tunisia,23.0,197.0
Tunisia,24.0,227.0
Tunisia,25.0,278.0
Tunisia,26.0,312.0
Tunisia,27.0,312.0
Tunisia,28.0,394.0
Turkey,1.0,1.0
Turkey,2.0,1.0
Turkey,3.0,5.0
Turkey,4.0,5.0
Turkey,5.0,6.0
Turkey,6.0,18.0
Turkey,7.0,47.0
Turkey,8.0,98.0
Turkey,9.0,192.0
Turkey,10.0,359.0
Turkey,11.0,670.0
Turkey,12.0,1236.0
Turkey,13.0,1529.0
Turkey,14.0,1872.0
Turkey,15.0,2433.0
Turkey,16.0,3629.0
Turkey,17.0,5698.0
Turkey,18.0,7402.0
Turkey,19.0,9217.0
Turkey,20.0,10827.0
Turkey,21.0,13531.0
US,1.0,1.0
US,2.0,1.0
US,3.0,2.0
US,4.0,2.0
US,5.0,5.0
US,6.0,5.0
US,7.0,5.0
US,8.0,5.0
US,9.0,5.0
US,10.0,7.0
US,11.0,8.0
US,12.0,8.0
US,13.0,11.0
US,14.0,11.0
US,15.0,11.0
US,16.0,11.0
US,17.0,11.0
US,18.0,11.0
US,19.0,11.0
US,20.0,11.0
US,21.0,12.0
US,22.0,12.0
US,23.0,13.0
US,24.0,13.0
US,25.0,13.0
US,26.0,13.0
US,27.0,13.0
US,28.0,13.0
US,29.0,13.0
US,30.0,13.0
US,31.0,15.0
US,32.0,15.0
US,33.0,15.0
US,34.0,51.0
US,35.0,51.0
US,36.0,57.0
US,37.0,58.0
US,38.0,60.0
US,39.0,68.0
US,40.0,74.0
US,41.0,98.0
US,42.0,118.0
US,43.0,149.0
US,44.0,217.0
US,45.0,262.0
US,46.0,402.0
US,47.0,518.0
US,48.0,583.0
US,49.0,959.0
US,50.0,1281.0
US,51.0,1663.0
US,52.0,2179.0
US,53.0,2727.0
US,54.0,3499.0
US,55.0,4632.0
US,56.0,6421.0
US,57.0,7783.0
US,58.0,13677.0
US,59.0,19100.0
US,60.0,25489.0
US,61.0,33276.0
US,62.0,43847.0
US,63.0,53740.0
US,64.0,65778.0
US,65.0,83836.0
US,66.0,101657.0
US,67.0,121478.0
US,68.0,140886.0
US,69.0,161807.0
US,70.0,188172.0
Uganda,1.0,1.0
Uganda,2.0,1.0
Uganda,3.0,9.0
Uganda,4.0,9.0
Uganda,5.0,14.0
Uganda,6.0,14.0
Uganda,7.0,23.0
Uganda,8.0,30.0
Uganda,9.0,33.0
Uganda,10.0,33.0
Uganda,11.0,44.0
Ukraine,1.0,1.0
Ukraine,2.0,1.0
Ukraine,3.0,1.0
Ukraine,4.0,1.0
Ukraine,5.0,1.0
Ukraine,6.0,1.0
Ukraine,7.0,1.0
Ukraine,8.0,1.0
Ukraine,9.0,1.0
Ukraine,10.0,1.0
Ukraine,11.0,3.0
Ukraine,12.0,3.0
Ukraine,13.0,3.0
Ukraine,14.0,7.0
Ukraine,15.0,14.0
Ukraine,16.0,14.0
Ukraine,17.0,16.0
Ukraine,18.0,29.0
Ukraine,19.0,47.0
Ukraine,20.0,73.0
Ukraine,21.0,73.0
Ukraine,22.0,97.0
Ukraine,23.0,145.0
Ukraine,24.0,196.0
Ukraine,25.0,310.0
Ukraine,26.0,356.0
Ukraine,27.0,475.0
Ukraine,28.0,548.0
Ukraine,29.0,645.0
United Arab Emirates,1.0,4.0
United Arab Emirates,2.0,4.0
United Arab Emirates,3.0,4.0
United Arab Emirates,4.0,4.0
United Arab Emirates,5.0,5.0
United Arab Emirates,6.0,5.0
United Arab Emirates,7.0,5.0
United Arab Emirates,8.0,5.0
United Arab Emirates,9.0,5.0
United Arab Emirates,10.0,5.0
United Arab Emirates,11.0,7.0
United Arab Emirates,12.0,7.0
United Arab Emirates,13.0,8.0
United Arab Emirates,14.0,8.0
United Arab Emirates,15.0,8.0
United Arab Emirates,16.0,8.0
United Arab Emirates,17.0,8.0
United Arab Emirates,18.0,8.0
United Arab Emirates,19.0,9.0
United Arab Emirates,20.0,9.0
United Arab Emirates,21.0,9.0
United Arab Emirates,22.0,9.0
United Arab Emirates,23.0,9.0
United Arab Emirates,24.0,9.0
United Arab Emirates,25.0,13.0
United Arab Emirates,26.0,13.0
United Arab Emirates,27.0,13.0
United Arab Emirates,28.0,13.0
United Arab Emirates,29.0,13.0
United Arab Emirates,30.0,13.0
United Arab Emirates,31.0,19.0
United Arab Emirates,32.0,21.0
United Arab Emirates,33.0,21.0
United Arab Emirates,34.0,21.0
United Arab Emirates,35.0,27.0
United Arab Emirates,36.0,27.0
United Arab Emirates,37.0,29.0
United Arab Emirates,38.0,29.0
United Arab Emirates,39.0,45.0
United Arab Emirates,40.0,45.0
United Arab Emirates,41.0,45.0
United Arab Emirates,42.0,74.0
United Arab Emirates,43.0,74.0
United Arab Emirates,44.0,85.0
United Arab Emirates,45.0,85.0
United Arab Emirates,46.0,85.0
United Arab Emirates,47.0,98.0
United Arab Emirates,48.0,98.0
United Arab Emirates,49.0,98.0
United Arab Emirates,50.0,113.0
United Arab Emirates,51.0,140.0
United Arab Emirates,52.0,140.0
United Arab Emirates,53.0,153.0
United Arab Emirates,54.0,153.0
United Arab Emirates,55.0,198.0
United Arab Emirates,56.0,248.0
United Arab Emirates,57.0,333.0
United Arab Emirates,58.0,333.0
United Arab Emirates,59.0,405.0
United Arab Emirates,60.0,468.0
United Arab Emirates,61.0,570.0
United Arab Emirates,62.0,611.0
United Arab Emirates,63.0,664.0
United Kingdom,1.0,2.0
United Kingdom,2.0,2.0
United Kingdom,3.0,2.0
United Kingdom,4.0,2.0
United Kingdom,5.0,2.0
United Kingdom,6.0,2.0
United Kingdom,7.0,2.0
United Kingdom,8.0,3.0
United Kingdom,9.0,3.0
United Kingdom,10.0,3.0
United Kingdom,11.0,8.0
United Kingdom,12.0,8.0
United Kingdom,13.0,9.0
United Kingdom,14.0,9.0
United Kingdom,15.0,9.0
United Kingdom,16.0,9.0
United Kingdom,17.0,9.0
United Kingdom,18.0,9.0
United Kingdom,19.0,9.0
United Kingdom,20.0,9.0
United Kingdom,21.0,9.0
United Kingdom,22.0,9.0
United Kingdom,23.0,9.0
United Kingdom,24.0,9.0
United Kingdom,25.0,13.0
United Kingdom,26.0,13.0
United Kingdom,27.0,13.0
United Kingdom,28.0,15.0
United Kingdom,29.0,20.0
United Kingdom,30.0,23.0
United Kingdom,31.0,36.0
United Kingdom,32.0,40.0
United Kingdom,33.0,51.0
United Kingdom,34.0,86.0
United Kingdom,35.0,116.0
United Kingdom,36.0,164.0
United Kingdom,37.0,207.0
United Kingdom,38.0,274.0
United Kingdom,39.0,322.0
United Kingdom,40.0,384.0
United Kingdom,41.0,459.0
United Kingdom,42.0,459.0
United Kingdom,43.0,802.0
United Kingdom,44.0,1144.0
United Kingdom,45.0,1145.0
United Kingdom,46.0,1551.0
United Kingdom,47.0,1960.0
United Kingdom,48.0,2642.0
United Kingdom,49.0,2716.0
United Kingdom,50.0,4014.0
United Kingdom,51.0,5067.0
United Kingdom,52.0,5745.0
United Kingdom,53.0,6726.0
United Kingdom,54.0,8164.0
United Kingdom,55.0,9640.0
United Kingdom,56.0,11812.0
United Kingdom,57.0,14745.0
United Kingdom,58.0,17312.0
United Kingdom,59.0,19780.0
United Kingdom,60.0,22453.0
United Kingdom,61.0,25481.0
Uruguay,1.0,4.0
Uruguay,2.0,4.0
Uruguay,3.0,8.0
Uruguay,4.0,29.0
Uruguay,5.0,50.0
Uruguay,6.0,79.0
Uruguay,7.0,94.0
Uruguay,8.0,110.0
Uruguay,9.0,158.0
Uruguay,10.0,162.0
Uruguay,11.0,162.0
Uruguay,12.0,189.0
Uruguay,13.0,217.0
Uruguay,14.0,238.0
Uruguay,15.0,274.0
Uruguay,16.0,304.0
Uruguay,17.0,310.0
Uruguay,18.0,338.0
Uzbekistan,1.0,1.0
Uzbekistan,2.0,6.0
Uzbekistan,3.0,10.0
Uzbekistan,4.0,15.0
Uzbekistan,5.0,23.0
Uzbekistan,6.0,33.0
Uzbekistan,7.0,43.0
Uzbekistan,8.0,43.0
Uzbekistan,9.0,46.0
Uzbekistan,10.0,50.0
Uzbekistan,11.0,60.0
Uzbekistan,12.0,75.0
Uzbekistan,13.0,88.0
Uzbekistan,14.0,104.0
Uzbekistan,15.0,144.0
Uzbekistan,16.0,149.0
Uzbekistan,17.0,172.0
Venezuela,1.0,2.0
Venezuela,2.0,10.0
Venezuela,3.0,17.0
Venezuela,4.0,33.0
Venezuela,5.0,36.0
Venezuela,6.0,42.0
Venezuela,7.0,42.0
Venezuela,8.0,70.0
Venezuela,9.0,70.0
Venezuela,10.0,77.0
Venezuela,11.0,84.0
Venezuela,12.0,91.0
Venezuela,13.0,107.0
Venezuela,14.0,107.0
Venezuela,15.0,119.0
Venezuela,16.0,119.0
Venezuela,17.0,135.0
Venezuela,18.0,135.0
Vietnam,1.0,2.0
Vietnam,2.0,2.0
Vietnam,3.0,2.0
Vietnam,4.0,2.0
Vietnam,5.0,2.0
Vietnam,6.0,2.0
Vietnam,7.0,2.0
Vietnam,8.0,2.0
Vietnam,9.0,2.0
Vietnam,10.0,6.0
Vietnam,11.0,6.0
Vietnam,12.0,8.0
Vietnam,13.0,8.0
Vietnam,14.0,8.0
Vietnam,15.0,10.0
Vietnam,16.0,10.0
Vietnam,17.0,13.0
Vietnam,18.0,13.0
Vietnam,19.0,14.0
Vietnam,20.0,15.0
Vietnam,21.0,15.0
Vietnam,22.0,16.0
Vietnam,23.0,16.0
Vietnam,24.0,16.0
Vietnam,25.0,16.0
Vietnam,26.0,16.0
Vietnam,27.0,16.0
Vietnam,28.0,16.0
Vietnam,29.0,16.0
Vietnam,30.0,16.0
Vietnam,31.0,16.0
Vietnam,32.0,16.0
Vietnam,33.0,16.0
Vietnam,34.0,16.0
Vietnam,35.0,16.0
Vietnam,36.0,16.0
Vietnam,37.0,16.0
Vietnam,38.0,16.0
Vietnam,39.0,16.0
Vietnam,40.0,16.0
Vietnam,41.0,16.0
Vietnam,42.0,16.0
Vietnam,43.0,16.0
Vietnam,44.0,16.0
Vietnam,45.0,18.0
Vietnam,46.0,30.0
Vietnam,47.0,30.0
Vietnam,48.0,31.0
Vietnam,49.0,38.0
Vietnam,50.0,39.0
Vietnam,51.0,47.0
Vietnam,52.0,53.0
Vietnam,53.0,56.0
Vietnam,54.0,61.0
Vietnam,55.0,66.0
Vietnam,56.0,75.0
Vietnam,57.0,85.0
Vietnam,58.0,91.0
Vietnam,59.0,94.0
Vietnam,60.0,113.0
Vietnam,61.0,123.0
Vietnam,62.0,134.0
Vietnam,63.0,141.0
Vietnam,64.0,153.0
Vietnam,65.0,163.0
Vietnam,66.0,174.0
Vietnam,67.0,188.0
Vietnam,68.0,203.0
Vietnam,69.0,212.0
West Bank and Gaza,1.0,4.0
West Bank and Gaza,2.0,7.0
West Bank and Gaza,3.0,16.0
West Bank and Gaza,4.0,16.0
West Bank and Gaza,5.0,19.0
West Bank and Gaza,6.0,26.0
West Bank and Gaza,7.0,30.0
West Bank and Gaza,8.0,30.0
West Bank and Gaza,9.0,31.0
West Bank and Gaza,10.0,35.0
West Bank and Gaza,11.0,38.0
West Bank and Gaza,12.0,38.0
West Bank and Gaza,13.0,39.0
West Bank and Gaza,14.0,41.0
West Bank and Gaza,15.0,44.0
West Bank and Gaza,16.0,47.0
West Bank and Gaza,17.0,48.0
West Bank and Gaza,18.0,52.0
West Bank and Gaza,19.0,59.0
West Bank and Gaza,20.0,59.0
West Bank and Gaza,21.0,59.0
West Bank and Gaza,22.0,84.0
West Bank and Gaza,23.0,91.0
West Bank and Gaza,24.0,98.0
West Bank and Gaza,25.0,109.0
West Bank and Gaza,26.0,116.0
West Bank and Gaza,27.0,119.0
Zambia,1.0,2.0
Zambia,2.0,2.0
Zambia,3.0,2.0
Zambia,4.0,2.0
Zambia,5.0,3.0
Zambia,6.0,3.0
Zambia,7.0,3.0
Zambia,8.0,12.0
Zambia,9.0,16.0
Zambia,10.0,22.0
Zambia,11.0,28.0
Zambia,12.0,29.0
Zambia,13.0,35.0
Zambia,14.0,35.0
Zimbabwe,1.0,1.0
Zimbabwe,2.0,3.0
Zimbabwe,3.0,3.0
Zimbabwe,4.0,3.0
Zimbabwe,5.0,3.0
Zimbabwe,6.0,3.0
Zimbabwe,7.0,3.0
Zimbabwe,8.0,5.0
Zimbabwe,9.0,7.0
Zimbabwe,10.0,7.0
Zimbabwe,11.0,7.0
Zimbabwe,12.0,8.0
